column,variable,label,question_text,categories,label_source_year,label_provenance
0,wrkstat,labor force status,labor force status,"[""other"", ""unempl, laid off"", ""school"", ""keeping house"", ""retired"", ""working parttime"", ""working fulltime"", ""temp not working""]",2022,dtag:maps/gss/gss_2022_map.csv#YEAR_SPECIFIC
1,HRS1,number of hours worked last week,number of hours worked last week,"[""d"", ""a"", ""b"", ""c"", ""e""]",2022,dtag:maps/gss/gss_2022_map.csv#YEAR_SPECIFIC
2,HRS2,number of hours usually work a week,number of hours usually work a week,"[""b"", ""e"", ""c"", ""a""]",2022,dtag:maps/gss/gss_2022_map.csv#YEAR_SPECIFIC
3,evwork,ever work as long as one year,ever work as long as one year,"[""no"", ""yes""]",2022,dtag:maps/gss/gss_2022_map.csv#YEAR_SPECIFIC
4,wrkslf,r self-emp or works for somebody,r self-emp or works for somebody,"[""someone else"", ""self-employed""]",2022,dtag:maps/gss/gss_2022_map.csv#YEAR_SPECIFIC
5,wrkgovt,,,"[""government"", ""private""]",,none
6,OCC10,r's census occupation code (2010),r's census occupation code (2010),"[""d"", ""e"", ""c"", ""b""]",2022,dtag:maps/gss/gss_2022_map.csv#YEAR_SPECIFIC
7,PRESTG10,r's occupational prestige score (2010),r's occupational prestige score (2010),"[""e"", ""b"", ""a"", ""d"", ""c""]",2022,dtag:maps/gss/gss_2022_map.csv#YEAR_SPECIFIC
8,PRESTG105PLUS,r's occupational prestige score using threshold method (2010),r's occupational prestige score using threshold method (2010),"[""e"", ""b"", ""d"", ""c""]",2024,dtag:maps/gss/gss_2024_map.csv#YEAR_SPECIFIC
9,INDUS10,r's industry code (naics 2007),r's industry code (naics 2007),"[""e"", ""b"", ""d"", ""a"", ""c""]",2022,dtag:maps/gss/gss_2022_map.csv#YEAR_SPECIFIC
10,marital,marital status,marital status,"[""separated"", ""divorced"", ""widowed"", ""married"", ""never married""]",2022,dtag:maps/gss/gss_2022_map.csv#YEAR_SPECIFIC
11,martype,marital type,marital type,"[""marriage between a man and a woman"", ""marriage between people of the same gender""]",2022,dtag:maps/gss/gss_2022_map.csv#YEAR_SPECIFIC
12,divorce,ever been divorced or separated,ever been divorced or separated,"[""yes"", ""no""]",2022,dtag:maps/gss/gss_2022_map.csv#YEAR_SPECIFIC
13,widowed,ever been widowed,ever been widowed,"[""yes"", ""no""]",2022,dtag:maps/gss/gss_2022_map.csv#YEAR_SPECIFIC
14,spwrksta,spouse labor force status,spouse labor force status,"[""unempl, laid off"", ""retired"", ""school"", ""keeping house"", ""working parttime"", ""working fulltime"", ""temp not working"", ""other""]",2024,dtag:maps/gss/gss_2024_map.csv#YEAR_SPECIFIC
15,SPHRS1,number of hrs spouse worked last week,number of hrs spouse worked last week,"[""b"", ""a"", ""d"", ""c"", ""e""]",2024,dtag:maps/gss/gss_2024_map.csv#YEAR_SPECIFIC
16,SPHRS2,no. of hrs spouse usually works a week,no. of hrs spouse usually works a week,"[""c"", ""e"", ""d"", ""b"", ""a""]",2024,dtag:maps/gss/gss_2024_map.csv#YEAR_SPECIFIC
17,spevwork,spouse ever work as long as a year,spouse ever work as long as a year,"[""no"", ""yes""]",2024,dtag:maps/gss/gss_2024_map.csv#YEAR_SPECIFIC
18,cowrksta,partner's labor force status,partner's labor force status,"[""retired"", ""unempl, laid off"", ""other"", ""keeping house"", ""school"", ""working parttime"", ""working fulltime"", ""temp not working""]",2024,dtag:maps/gss/gss_2024_map.csv#YEAR_SPECIFIC
19,cowrkslf,partner self-emp. or works for somebody else,partner self-emp. or works for somebody else,"[""someone else"", ""self-employed""]",2024,dtag:maps/gss/gss_2024_map.csv#YEAR_SPECIFIC
20,coevwork,partner ever work as long as a year,partner ever work as long as a year,"[""no"", ""yes""]",2024,dtag:maps/gss/gss_2024_map.csv#YEAR_SPECIFIC
21,COHRS1,number of hours partner worked last week,number of hours partner worked last week,"[""a"", ""d"", ""c"", ""e"", ""b""]",2024,dtag:maps/gss/gss_2024_map.csv#YEAR_SPECIFIC
22,COHRS2,no. of hours partner usually works a week,no. of hours partner usually works a week,"[""e"", ""c"", ""b""]",2024,dtag:maps/gss/gss_2024_map.csv#YEAR_SPECIFIC
23,spwrkslf,spouse self-emp. or works for somebody,spouse self-emp. or works for somebody,"[""someone else"", ""self-employed""]",2024,dtag:maps/gss/gss_2024_map.csv#YEAR_SPECIFIC
24,SPOCC10,spouse census occupation code (2010),spouse census occupation code (2010),"[""d"", ""b"", ""c"", ""e""]",2022,dtag:maps/gss/gss_2022_map.csv#YEAR_SPECIFIC
25,SPPRES10,spouse occupational prestige score (2010),spouse occupational prestige score (2010),"[""b"", ""a"", ""d"", ""c"", ""e""]",2022,dtag:maps/gss/gss_2022_map.csv#YEAR_SPECIFIC
26,SPPRES105PLUS,spouse occupational prestige score using threshold method (2010),spouse occupational prestige score using threshold method (2010),"[""b"", ""d"", ""c"", ""e""]",2024,dtag:maps/gss/gss_2024_map.csv#YEAR_SPECIFIC
27,SPIND10,spouse's industry code (naics 2007),spouse's industry code (naics 2007),"[""traveler accommodation"", ""offices of physicians"", ""civic, social, advocacy organizations, and grantmaking and giving services"", ""miscellaneous retail stores"", ""machinery, equipment, and supplies, merchant wholesalers"", ""postal service"", ""services to buildings and dwellings"", ""colleges and universities, including junior colleges"", ""specialized design services"", ""rail transportation"", ""pharmaceutical and medicine manufacturing"", ""drycleaning and laundry services"", ""banking and related activities"", ""hospitals"", ""executive offices and legislative bodies"", ""advertising and related services"", ""individual and family services"", ""truck transportation"", ""sewing, needlework, and piece goods stores"", ""nursing care facilities"", ""accounting, tax preparation, bookkeeping, and payroll services"", ""beauty salons"", ""justice, public order, and safety activities"", ""elementary and secondary schools"", ""automobile dealers"", ""electronic and precision equipment repair and maintenance"", ""beverage manufacturing"", ""grocery stores"", "" restaurants and other food services"", ""child day care services"", ""legal services"", ""clothing stores"", ""car washes"", ""wired telecommunications carriers"", ""scientific research and development services"", ""sugar and confectionery products"", ""machinery manufacturing, n.e.c."", ""investigation and security services"", ""warehousing and storage"", ""administration of economic programs and space research"", ""radio, tv, and computer stores"", ""not specified wholesale trade"", ""furniture and home furnishings stores"", ""national security and international affairs"", ""electric power generation, transmission, and distribution"", ""electrical and electronic goods, merchant wholesalers"", ""construction"", ""furniture and related product manufacturing"", ""department stores and discount stores"", ""architectural, engineering, and related services"", ""other health care services"", ""apparel, fabrics, and notions, merchant wholesalers"", ""motion pictures and video industries"", ""services incidental to transportation"", ""management, scientific, and technical consulting services"", ""other direct selling establishments"", ""insurance carriers and related activities"", ""automotive repair and maintenance"", ""computer systems design and related services"", ""offices of dentists"", ""outpatient care centers"", ""securities, commodities, funds, trusts, and other financial investments"", ""miscellaneous wood products"", ""not specified manufacturing industries"", ""other amusement, gambling, and recreation industries"", ""natural gas distribution"", ""seafood and other miscellaneous foods, n.e.c."", ""air transportation"", ""administration of environmental quality and housing programs"", ""sporting goods, camera, and hobby and toy stores"", ""petroleum and petroleum products, merchant wholesalers"", ""soap, cleaning compound, and cosmetics manufacturing"", ""newspaper publishers"", ""health and personal care, except drug, stores"", ""business, technical, and trade schools and training"", ""waste management and remediation services"", ""farm supplies, merchant wholesalers"", ""real estate"", ""gasoline stations"", ""bus service and urban transit"", ""communications, and audio and video equipment manufacturing"", ""non-depository credit and related activities"", ""commercial and industrial machinery and equipment repair and maintenance"", ""administration of human resource programs"", ""miscellaneous durable goods, merchant wholesalers"", ""plastics product manufacturing"", ""electronic component and product manufacturing, n.e.c."", ""employment services"", ""u.s. armed forces/n.s."", ""jewelry, luggage, and leather goods stores"", ""aircraft and parts manufacturing"", ""savings institutions, including credit unions"", ""building material and supplies dealers"", ""support activities for mining"", ""internet publishing and broadcasting and web search portals"", ""animal production"", ""independent artists, performing arts, spectator sports, and related industries"", ""not specified retail trade"", ""sewage treatment facilities"", ""office supplies and stationery stores"", ""crop production"", ""business support services"", ""construction, and mining and oil and gas field machinery manufacturing"", ""structural metals, and boiler, tank, and shipping container manufacturing"", ""motor vehicles and motor vehicle equipment manufacturing"", ""leather tanning and finishing and other allied products manufacturing"", ""glass and glass product manufacturing"", ""retail bakeries"", ""private households"", ""dairy product manufacturing"", ""cut and sew apparel manufacturing"", ""gift, novelty, and souvenir shops"", ""other personal services"", ""couriers and messengers"", ""petroleum refining"", ""aerospace product and parts manufacturing"", ""groceries and related products, merchant wholesalers"", ""paper and paper products, merchant wholesalers"", ""offices of chiropractors"", ""professional and commercial equipment and supplies, merchant wholesalers"", ""miscellaneous general merchandise stores"", ""taxi and limousine service"", ""other schools and instruction, and educational support services"", ""medical equipment and supplies manufacturing"", ""industrial and miscellaneous chemicals"", ""support activities for agriculture and forestry"", ""computer and peripheral equipment manufacturing"", ""religious organizations"", ""specialty food stores"", ""offices of other health practitioners"", ""personal and household goods repair and maintenance"", ""landscaping services"", ""paint, coating, and adhesive manufacturing"", ""nail salons and other personal care services"", ""veterinary services"", ""travel arrangements and reservation services"", ""water, steam, air-conditioning, and irrigation systems"", ""used merchandise stores"", ""other administrative and other support services"", ""residential care facilities, without nursing"", ""vocational rehabilitation services"", ""veneer, plywood, and engineered wood products"", ""auto parts, accessories, and tire stores"", ""fiber, yarn, and thread mills"", ""animal slaughtering and processing"", ""metal forgings and stampings"", ""u.s. air force"", ""miscellaneous manufacturing, n.e.c."", ""pottery, ceramics, and plumbing fixture manufacturing"", ""carpet and rug mills"", ""other consumer goods rental"", ""fabric mills, except knitting mills"", ""pharmacies and drug stores"", ""retail florists"", ""electrical lighting and electrical equipment manufacturing, and other electrical component manufacturing, n.e.c."", ""iron and steel mills and steel product manufacturing"", ""foundries"", ""lawn and garden equipment and supplies stores"", ""other professional, scientific, and technical services"", ""commercial, industrial, and other intangible assets rental and leasing"", ""libraries and archives"", ""u.s. navy"", ""commercial and service industry machinery manufacturing"", ""public finance activities"", ""agricultural chemical manufacturing"", ""museums, art galleries, historical sites, and similar institutions"", ""barber shops"", ""home health care services"", ""railroad rolling stock manufacturing"", ""water transportation"", ""navigational, measuring, electromedical, and control instruments manufacturing"", ""business, professional, political, and similar organizations"", ""periodical, book, and directory publishers"", ""fuel dealers"", ""offices of optometrists"", ""pipeline transportation"", ""drinking places, alcoholic beverages"", ""not specified food industries"", ""cutlery and hand tool manufacturing"", ""logging"", ""automotive equipment rental and leasing"", ""household appliance stores"", ""radio and television broadcasting and cable subscription programming"", ""agricultural implement manufacturing"", ""aluminum production and processing"", ""resin, synthetic rubber and fibers, and filaments manufacturing"", ""u.s. army"", ""hardware stores""]",2022,dtag:maps/gss/gss_2022_map.csv#YEAR_SPECIFIC
28,COOCC10,partner's census occupation code (2010),partner's census occupation code (2010),"[""b"", ""d"", ""c"", ""e""]",2022,dtag:maps/gss/gss_2022_map.csv#YEAR_SPECIFIC
29,COIND10,partner's industry code (2010),partner's industry code (2010),"[""employment services"", ""construction"", ""insurance carriers and related activities"", ""outpatient care centers"", ""offices of physicians"", ""not specified retail trade"", ""non-depository credit and related activities"", ""radio, tv, and computer stores"", ""nursing care facilities"", ""executive offices and legislative bodies"", ""other professional, scientific, and technical services"", ""automobile dealers"", ""other schools and instruction, and educational support services"", ""wired telecommunications carriers"", ""cut and sew apparel manufacturing"", "" restaurants and other food services"", ""barber shops"", ""motion pictures and video industries"", ""other health care services"", ""hospitals"", ""not specified manufacturing industries"", ""air transportation"", ""offices of dentists"", ""architectural, engineering, and related services"", ""civic, social, advocacy organizations, and grantmaking and giving services"", ""machinery manufacturing, n.e.c."", ""electric power generation, transmission, and distribution"", ""computer systems design and related services"", ""residential care facilities, without nursing"", ""justice, public order, and safety activities"", ""private households"", ""communications, and audio and video equipment manufacturing"", ""individual and family services"", ""medical equipment and supplies manufacturing"", ""glass and glass product manufacturing"", ""advertising and related services"", ""elementary and secondary schools"", ""radio and television broadcasting and cable subscription programming"", ""grocery stores"", ""home health care services"", ""commercial and service industry machinery manufacturing"", ""colleges and universities, including junior colleges"", ""personal and household goods repair and maintenance"", ""securities, commodities, funds, trusts, and other financial investments"", ""landscaping services"", ""legal services"", ""child day care services"", ""tire manufacturing"", ""real estate"", ""not specified machinery manufacturing"", ""taxi and limousine service"", ""truck transportation"", ""gasoline stations"", ""management, scientific, and technical consulting services"", ""nail salons and other personal care services"", ""beauty salons"", ""veterinary services"", ""warehousing and storage"", ""clothing stores"", ""professional and commercial equipment and supplies, merchant wholesalers"", ""department stores and discount stores"", ""banking and related activities"", ""miscellaneous general merchandise stores"", ""management of companies and enterprises"", ""postal service"", ""other administrative and other support services"", ""traveler accommodation"", ""automotive repair and maintenance"", ""crop production"", ""structural metals, and boiler, tank, and shipping container manufacturing"", ""auto parts, accessories, and tire stores"", ""sewage treatment facilities"", ""couriers and messengers"", ""electronic and precision equipment repair and maintenance"", ""building material and supplies dealers"", ""water, steam, air-conditioning, and irrigation systems"", ""administration of human resource programs"", ""museums, art galleries, historical sites, and similar institutions"", ""services to buildings and dwellings"", ""furniture and related product manufacturing"", ""alcoholic beverages, merchant wholesalers"", ""other amusement, gambling, and recreation industries"", ""electrical lighting and electrical equipment manufacturing, and other electrical component manufacturing, n.e.c."", ""bus service and urban transit"", ""waste management and remediation services"", ""miscellaneous fabricated metal products manufacturing"", ""national security and international affairs"", ""business support services"", ""iron and steel mills and steel product manufacturing"", ""used merchandise stores"", ""support activities for mining"", ""machine shops; turned product; screw, nut, and bolt manufacturing"", ""mail order houses"", ""pharmaceutical and medicine manufacturing"", ""pipeline transportation"", ""accounting, tax preparation, bookkeeping, and payroll services"", ""fuel dealers"", ""animal slaughtering and processing"", ""beverage manufacturing""]",2022,dtag:maps/gss/gss_2022_map.csv#YEAR_SPECIFIC
30,pawrkslf,father (or oldest same-sex parent) self-emp. or worked for somebody,father (or oldest same-sex parent) self-emp. or worked for somebody,"[""someone else"", ""self-employed""]",2024,dtag:maps/gss/gss_2024_map.csv#YEAR_SPECIFIC
31,PAOCC10,father's (or oldest same-sex parent's) occupatoin code (2010),father's (or oldest same-sex parent's) occupatoin code (2010),"[""d"", ""e"", ""b"", ""c""]",2024,dtag:maps/gss/gss_2024_map.csv#YEAR_SPECIFIC
32,PAPRES10,father's (or oldest same-sex parent's) occupational prestige score (2010),father's (or oldest same-sex parent's) occupational prestige score (2010),"[""d"", ""b"", ""e"", ""c"", ""a""]",2024,dtag:maps/gss/gss_2024_map.csv#YEAR_SPECIFIC
33,PAPRES105PLUS,father's (or oldest same-sex parent's) occupational prestige score using thresho,father's (or oldest same-sex parent's) occupational prestige score using thresho,"[""b"", ""e"", ""d"", ""c""]",2024,dtag:maps/gss/gss_2024_map.csv#YEAR_SPECIFIC
34,PAIND10,father's (or oldest same-sex parent's) industry code (naics 2007),father's (or oldest same-sex parent's) industry code (naics 2007),"[""d"", ""b"", ""e"", ""c""]",2024,dtag:maps/gss/gss_2024_map.csv#YEAR_SPECIFIC
35,mawrkslf,mother (or youngest same-sex parent) self-emp. or worked for somebody,mother (or youngest same-sex parent) self-emp. or worked for somebody,"[""someone else"", ""self-employed""]",2022,dtag:maps/gss/gss_2022_map.csv#YEAR_SPECIFIC
36,MAOCC10,mother's (or youngest same-sex parent's) occupatoin code (2010),mother's (or youngest same-sex parent's) occupatoin code (2010),"[""d"", ""b"", ""e"", ""c"", ""a""]",2024,dtag:maps/gss/gss_2024_map.csv#YEAR_SPECIFIC
37,MAPRES10,mother's (or youngest same-sex parent's) occupational prestige score (2010),mother's (or youngest same-sex parent's) occupational prestige score (2010),"[""d"", ""b"", ""e"", ""c""]",2024,dtag:maps/gss/gss_2024_map.csv#YEAR_SPECIFIC
38,MAPRES105PLUS,mother's (or youngest same-sex parent's) occupational prestige score using thres,mother's (or youngest same-sex parent's) occupational prestige score using thres,"[""d"", ""e"", ""c"", ""b""]",2024,dtag:maps/gss/gss_2024_map.csv#YEAR_SPECIFIC
39,MAIND10,mother's (or youngest same-sex parent's) industry code (naics 2007),mother's (or youngest same-sex parent's) industry code (naics 2007),"[""seafood and other miscellaneous foods, n.e.c."", ""electric power generation, transmission, and distribution"", ""traveler accommodation"", ""travel arrangements and reservation services"", ""services to buildings and dwellings"", ""nursing care facilities"", ""truck transportation"", ""radio, tv, and computer stores"", ""real estate"", ""offices of physicians"", ""retail bakeries"", ""colleges and universities, including junior colleges"", ""motion pictures and video industries"", ""insurance carriers and related activities"", ""animal slaughtering and processing"", ""drugs, sundries, and chemical and allied products, merchant wholesalers"", ""bakeries, except retail"", ""child day care services"", ""aircraft and parts manufacturing"", "" restaurants and other food services"", ""jewelry, luggage, and leather goods stores"", ""medical equipment and supplies manufacturing"", ""other schools and instruction, and educational support services"", ""legal services"", ""clothing stores"", ""architectural, engineering, and related services"", ""printing and related support activities"", ""banking and related activities"", ""hospitals"", ""petroleum and petroleum products, merchant wholesalers"", ""construction"", ""department stores and discount stores"", ""individual and family services"", ""religious organizations"", ""bus service and urban transit"", ""bowling centers"", ""private households"", ""beauty salons"", ""accounting, tax preparation, bookkeeping, and payroll services"", ""justice, public order, and safety activities"", ""retail florists"", ""elementary and secondary schools"", ""securities, commodities, funds, trusts, and other financial investments"", ""wired telecommunications carriers"", ""navigational, measuring, electromedical, and control instruments manufacturing"", ""nail salons and other personal care services"", ""not specified retail trade"", ""miscellaneous manufacturing, n.e.c."", ""other telecommunications services"", ""office supplies and stationery stores"", ""footwear manufacturing"", ""cut and sew apparel manufacturing"", ""other direct selling establishments"", ""wholesale electronic markets, agents and brokers"", ""miscellaneous general merchandise stores"", ""not specified manufacturing industries"", ""air transportation"", ""miscellaneous durable goods, merchant wholesalers"", ""newspaper publishers"", ""offices of dentists"", ""other professional, scientific, and technical services"", ""auto parts, accessories, and tire stores"", ""postal service"", ""groceries and related products, merchant wholesalers"", ""advertising and related services"", ""periodical, book, and directory publishers"", ""electronic component and product manufacturing, n.e.c."", ""independent artists, performing arts, spectator sports, and related industries"", ""sugar and confectionery products"", ""fruit and vegetable preserving and specialty food manufacturing"", ""pharmaceutical and medicine manufacturing"", ""fabric mills, except knitting mills"", ""non-depository credit and related activities"", ""national security and international affairs"", ""funeral homes, and cemeteries and crematories"", ""miscellaneous retail stores"", ""offices of optometrists"", ""administration of economic programs and space research"", ""automotive equipment rental and leasing"", ""not specified food industries"", ""computer systems design and related services"", ""automobile dealers"", ""specialized design services"", ""drinking places, alcoholic beverages"", ""other health care services"", ""paint, coating, and adhesive manufacturing"", ""metal forgings and stampings"", ""other personal services"", ""public finance activities"", ""structural clay product manufacturing"", ""grocery stores"", ""personal and household goods repair and maintenance"", ""crop production"", ""electrical lighting and electrical equipment manufacturing, and other electrical component manufacturing, n.e.c."", ""natural gas distribution"", ""scientific research and development services"", ""pharmacies and drug stores"", ""home health care services"", ""employment services"", ""warehousing and storage"", ""business support services"", ""textile product mills, except carpet and rug"", ""metalworking machinery manufacturing"", ""furniture and related product manufacturing"", ""administration of environmental quality and housing programs"", ""services incidental to transportation"", ""gift, novelty, and souvenir shops"", ""civic, social, advocacy organizations, and grantmaking and giving services"", ""book stores and news dealers"", ""administration of human resource programs"", ""machinery manufacturing, n.e.c."", ""sporting and athletic goods, and doll, toy and game manufacturing"", ""other amusement, gambling, and recreation industries"", ""other motor vehicle dealers"", ""health and personal care, except drug, stores"", ""outpatient care centers"", ""plastics product manufacturing"", ""furniture and home furnishings stores"", ""sewing, needlework, and piece goods stores"", ""commercial, industrial, and other intangible assets rental and leasing"", ""carpet and rug mills"", ""computer and peripheral equipment manufacturing"", ""libraries and archives"", ""business, technical, and trade schools and training"", ""waste management and remediation services"", ""u.s. army"", ""hardware stores"", ""machinery, equipment, and supplies, merchant wholesalers"", ""beverage manufacturing"", ""residential care facilities, without nursing"", ""offices of other health practitioners"", ""landscaping services"", ""barber shops"", ""sporting goods, camera, and hobby and toy stores"", ""water, steam, air-conditioning, and irrigation systems"", ""executive offices and legislative bodies"", ""motor vehicles and motor vehicle equipment manufacturing"", ""tobacco manufacturing"", ""apparel accessories and other apparel manufacturing"", ""household appliance manufacturing"", ""pulp, paper, and paperboard mills"", ""leather tanning and finishing and other allied products manufacturing"", ""lawn and garden equipment and supplies stores"", ""specialty food stores"", ""community food and housing, and emergency services"", ""business, professional, political, and similar organizations"", ""automotive repair and maintenance"", ""radio and television broadcasting and cable subscription programming"", ""savings institutions, including credit unions"", ""gasoline stations"", ""u.s. navy"", ""motor vehicles, parts and supplies, merchant wholesalers"", ""building material and supplies dealers"", ""management of companies and enterprises"", ""industrial and miscellaneous chemicals"", ""aerospace product and parts manufacturing"", ""commercial and service industry machinery manufacturing"", ""knitting fabric mills, and apparel knitting mills"", ""offices of chiropractors"", ""other administrative and other support services"", ""drycleaning and laundry services"", ""hardware, plumbing and heating equipment, and supplies, merchant wholesalers"", ""glass and glass product manufacturing"", ""soap, cleaning compound, and cosmetics manufacturing"", ""miscellaneous fabricated metal products manufacturing"", ""metals and minerals, except petroleum, merchant wholesalers"", ""pottery, ceramics, and plumbing fixture manufacturing"", ""farm product raw materials, merchant wholesalers"", ""ship and boat building"", ""museums, art galleries, historical sites, and similar institutions"", ""rail transportation"", ""animal food, grain, and oilseed milling"", ""paper and paper products, merchant wholesalers"", ""communications, and audio and video equipment manufacturing"", ""support activities for mining"", ""miscellaneous nondurable goods, merchant wholesalers"", ""labor unions"", ""shoe stores"", ""textile and fabric finishing and coating mills"", ""dairy product manufacturing"", ""tire manufacturing"", ""animal production""]",2024,dtag:maps/gss/gss_2024_map.csv#YEAR_SPECIFIC
40,sibs,number of siblings (including step- and adopted),number of siblings (including step- and adopted),"[""e"", ""b"", ""d"", ""c""]",2022,dtag:maps/gss/gss_2022_map.csv#YEAR_SPECIFIC
41,childs,number of children,number of children,"[""e"", ""d"", ""c"", ""b""]",2022,dtag:maps/gss/gss_2022_map.csv#YEAR_SPECIFIC
42,age,age of respondent,age of respondent,"[""e"", ""d"", ""b"", ""c""]",2022,dtag:maps/gss/gss_2022_map.csv#YEAR_SPECIFIC
43,agekdbrn,r's age when 1st child born,r's age when 1st child born,"[""c"", ""b"", ""d"", ""e"", ""a""]",2022,dtag:maps/gss/gss_2022_map.csv#YEAR_SPECIFIC
44,educ,highest year of school completed,highest year of school completed,"[""e"", ""a"", ""d"", ""b"", ""c""]",2022,dtag:maps/gss/gss_2022_map.csv#YEAR_SPECIFIC
45,paeduc,"highest year school completed, father (or oldest same-sex parent)","highest year school completed, father (or oldest same-sex parent)","[""a"", ""d"", ""b"", ""e"", ""c""]",2024,dtag:maps/gss/gss_2024_map.csv#YEAR_SPECIFIC
46,maeduc,"highest year school completed, mother (or youngest same-sex parent)","highest year school completed, mother (or youngest same-sex parent)","[""b"", ""e"", ""a"", ""d"", ""c""]",2024,dtag:maps/gss/gss_2024_map.csv#YEAR_SPECIFIC
47,speduc,"highest year school completed, spouse","highest year school completed, spouse","[""b"", ""a"", ""d"", ""c"", ""e""]",2024,dtag:maps/gss/gss_2024_map.csv#YEAR_SPECIFIC
48,coeduc,"highest year school completed, partner","highest year school completed, partner","[""a"", ""d"", ""c"", ""e"", ""b""]",2024,dtag:maps/gss/gss_2024_map.csv#YEAR_SPECIFIC
49,codeg,partner's highest degree,partner's highest degree,"[""graduate"", ""bachelor"", ""lt high school"", ""junior college"", ""high school""]",2024,dtag:maps/gss/gss_2024_map.csv#YEAR_SPECIFIC
50,degree,r's highest degree,r's highest degree,"[""graduate"", ""lt high school"", ""high school"", ""bachelor"", ""junior college""]",2022,dtag:maps/gss/gss_2022_map.csv#YEAR_SPECIFIC
51,padeg,father's (or oldest same-sex parent's) highest degree,father's (or oldest same-sex parent's) highest degree,"[""graduate"", ""junior college"", ""lt high school"", ""bachelor"", ""high school""]",2024,dtag:maps/gss/gss_2024_map.csv#YEAR_SPECIFIC
52,madeg,mother's (or youngest same-sex parent's) highest degree,mother's (or youngest same-sex parent's) highest degree,"[""junior college"", ""lt high school"", ""graduate"", ""bachelor"", ""high school""]",2024,dtag:maps/gss/gss_2024_map.csv#YEAR_SPECIFIC
53,spdeg,spouse's highest degree,spouse's highest degree,"[""lt high school"", ""graduate"", ""bachelor"", ""high school"", ""junior college""]",2024,dtag:maps/gss/gss_2024_map.csv#YEAR_SPECIFIC
54,MAJOR1,college major 1,college major 1,"[""sociology"", ""general studies"", ""information technology"", ""law"", ""fashion"", ""psychology"", ""education"", ""economics"", ""nursing"", ""child/human/family development"", ""general sciences"", ""art"", ""comm. disorders"", ""english"", ""human services/human resources"", ""library science"", ""health"", ""business administration"", ""electronics"", ""agriculture/horticulture"", ""computer science"", ""accounting/bookkeeping"", ""communications/speech"", ""biology"", ""other"", ""dentistry"", ""architecture"", ""fine arts"", ""educational administration"", ""mechanics/machine trade"", ""environmental science/ecology"", ""finance"", ""chemistry"", ""journalism"", ""history"", ""engineering"", ""marketing"", ""political science/international relations"", ""medicine"", ""foreign language"", ""criminology/criminal justice"", ""mathmatics"", ""industrial relations"", ""dance"", ""physics"", ""social sciences"", ""statistics/biostatistics"", ""pharmacy"", ""anthropolgy"", ""theology"", ""administrative science/public administration"", ""visual arts/graphic design/design and drafting"", ""law enforcement"", ""humanities"", ""urban and regional planning"", ""liberal arts"", ""geography"", ""food science/nutrition/culinary arts"", ""physical education"", ""counseling"", ""other vocational"", ""music"", ""social work"", ""aviation/aeronatics"", ""special education"", ""public relations"", ""theater arts"", ""veterinary medicine"", ""philosophy"", ""geology""]",2022,dtag:maps/gss/gss_2022_map.csv#YEAR_SPECIFIC
55,MAJOR2,college major 2,college major 2,"[""history"", ""accounting/bookkeeping"", ""business administration"", ""dentistry"", ""health"", ""liberal arts"", ""english"", ""finance"", ""computer science"", ""ethnic studies"", ""marketing"", ""foreign language"", ""human services/human resources"", ""mathmatics"", ""chemistry"", ""information technology"", ""economics"", ""political science/international relations"", ""physical education"", ""journalism"", ""fine arts"", ""sociology"", ""geography"", ""communications/speech"", ""gerontology"", ""education"", ""biology"", ""other vocational"", ""law"", ""other"", ""theology"", ""general sciences"", ""environmental science/ecology"", ""nursing"", ""child/human/family development"", ""mechanics/machine trade"", ""criminology/criminal justice"", ""music"", ""agriculture/horticulture"", ""art"", ""library science""]",2024,dtag:maps/gss/gss_2024_map.csv#YEAR_SPECIFIC
56,dipged,"diploma, ged, or other","diploma, ged, or other","[""ged"", ""high school diploma"", ""hs diploma after post hs classes"", ""other""]",2022,dtag:maps/gss/gss_2022_map.csv#YEAR_SPECIFIC
57,sex,respondents sex,respondents sex,"[""female"", ""male""]",2022,dtag:maps/gss/gss_2022_map.csv#YEAR_SPECIFIC
58,race,race of respondent,race of respondent,"[""other"", ""black"", ""white""]",2022,dtag:maps/gss/gss_2022_map.csv#YEAR_SPECIFIC
59,RES16,type of place lived in when 16 yrs old,type of place lived in when 16 yrs old,"[""country,nonfarm"", ""farm"", ""city gt 250000"", ""50000 to 250000"", ""big-city suburb"", ""town lt 50000""]",2022,dtag:maps/gss/gss_2022_map.csv#YEAR_SPECIFIC
60,REG16,"region of residence, age 16","region of residence, age 16","[""w. nor. central"", ""pacific"", ""south atlantic"", ""middle atlantic"", ""mountain"", ""w. sou. central"", ""e. nor. central"", ""foreign"", ""new england"", ""e. sou. central""]",2022,dtag:maps/gss/gss_2022_map.csv#YEAR_SPECIFIC
61,MOBILE16,geographic mobility since age 16,geographic mobility since age 16,"[""same st,dif city"", ""same city"", ""different state""]",2024,dtag:maps/gss/gss_2024_map.csv#YEAR_SPECIFIC
62,FAMILY16,living with parents when 16 yrs old,living with parents when 16 yrs old,"[""father"", ""male relative"", ""m and f relatives"", ""mother & stpfather"", ""other"", ""mother"", ""father & stpmother"", ""female relative"", ""mother & father""]",2022,dtag:maps/gss/gss_2022_map.csv#YEAR_SPECIFIC
63,FAMDIF16,reason not living with parents,reason not living with parents,"[""other"", ""divorce,separated"", ""parent died"", ""institution"", ""armed forces""]",2022,dtag:maps/gss/gss_2022_map.csv#YEAR_SPECIFIC
64,mawrkgrw,did mother (or youngest same-sex parent) ever work for pay for as long as a year,did mother (or youngest same-sex parent) ever work for pay for as long as a year,"[""no"", ""yes""]",2022,dtag:maps/gss/gss_2022_map.csv#YEAR_SPECIFIC
65,INCOM16,r's family income when 16 yrs old,r's family income when 16 yrs old,"[""average"", ""far below average"", ""above average"", ""below average"", ""far above average""]",2022,dtag:maps/gss/gss_2022_map.csv#YEAR_SPECIFIC
66,born,was r born in this country,was r born in this country,"[""no"", ""yes""]",2022,dtag:maps/gss/gss_2022_map.csv#YEAR_SPECIFIC
67,parborn,were r's parents born in this country,were r's parents born in this country,"[""mother only"", ""neither in u.s"", ""father only"", ""both in u.s"", ""mother; fa. dk"", ""dk for both"", ""not mother;fa.dk""]",2022,dtag:maps/gss/gss_2022_map.csv#YEAR_SPECIFIC
68,granborn,how many grandparents born outside u.s.,how many grandparents born outside u.s.,"[""d"", ""e"", ""c""]",2022,dtag:maps/gss/gss_2022_map.csv#YEAR_SPECIFIC
69,hompop,number of persons in household,number of persons in household,"[""7"", ""8"", ""11"", ""2"", ""4"", ""3"", ""1"", ""5"", ""6"", ""10"", ""9""]",2024,dtag:maps/gss/gss_2024_map.csv#YEAR_SPECIFIC
70,babies,household members less than 6 yrs old,household members less than 6 yrs old,"[""d"", ""e"", ""c""]",2024,dtag:maps/gss/gss_2024_map.csv#YEAR_SPECIFIC
71,preteen,household members 6 thru 12 yrs old,household members 6 thru 12 yrs old,"[""d"", ""e"", ""c""]",2024,dtag:maps/gss/gss_2024_map.csv#YEAR_SPECIFIC
72,teens,household members 13 thru 17 yrs old,household members 13 thru 17 yrs old,"[""e"", ""c""]",2024,dtag:maps/gss/gss_2024_map.csv#YEAR_SPECIFIC
73,adults,household members 18 yrs and older (household roster),household members 18 yrs and older (household roster),"[""4"", ""2"", ""3"", ""1"", ""5"", ""6""]",2022,dtag:maps/gss/gss_2022_map.csv#YEAR_SPECIFIC
74,unrelat,number in household not related,number in household not related,"[""d"", ""c"", ""e""]",2022,dtag:maps/gss/gss_2022_map.csv#YEAR_SPECIFIC
75,earnrs,how many in family earned money?,how many in family earned money?,"[""d"", ""e"", ""b"", ""c""]",2022,dtag:maps/gss/gss_2022_map.csv#YEAR_SPECIFIC
76,income,total family income,total family income,"[""$3000 to 3999"", ""lt $1000"", ""$10000 - 14999"", ""$15000 - 19999"", ""$8000 to 9999"", ""$1000 to 2999"", ""$20000 - 24999"", ""$4000 to 4999"", ""$5000 to 5999"", ""$6000 to 6999"", ""$25000 or more"", ""$7000 to 7999""]",2022,dtag:maps/gss/gss_2022_map.csv#YEAR_SPECIFIC
77,rincome,respondents income,respondents income,"[""$5000 to 5999"", ""$7000 to 7999"", ""$3000 to 3999"", ""$8000 to 9999"", ""$10000 - 14999"", ""$15000 - 19999"", ""$20000 - 24999"", ""$1000 to 2999"", ""$6000 to 6999"", ""$25000 or more"", ""lt $1000"", ""$4000 to 4999""]",2022,dtag:maps/gss/gss_2022_map.csv#YEAR_SPECIFIC
78,INCOME16,total family income,total family income,"[""$3 000 to 3 999"", ""$12500 to 14999"", ""$4 000 to 4 999"", ""under $1 000"", ""$15000 to 17499"", ""$6 000 to 6 999"", ""$25000 to 29999"", ""$17500 to 19999"", ""$130000 to $149999"", ""$40000 to 49999"", ""$8 000 to 9 999"", ""$150000 to $169999"", ""$1 000 to 2 999"", ""$10000 to 12499"", ""$20000 to 22499"", ""$170000 or over"", ""$5 000 to 5 999"", ""$90000 to $109999"", ""$50000 to 59999"", ""$110000 to $129999"", ""$60000 to 74999"", ""$22500 to 24999"", ""$30000 to 34999"", ""$75000 to $89999"", ""$35000 to 39999"", ""$7 000 to 7 999""]",2022,dtag:maps/gss/gss_2022_map.csv#YEAR_SPECIFIC
79,RINCOM16,respondents income,respondents income,"[""$5 000 to 5 999"", ""$15000 to 17499"", ""$3 000 to 3 999"", ""$1 000 to 2 999"", ""$22500 to 24999"", ""$30000 to 34999"", ""$60000 to 74999"", ""$90000 to $109999"", ""$150000 to $169999"", ""$8 000 to 9 999"", ""$40000 to 49999"", ""$7 000 to 7 999"", ""$12500 to 14999"", ""$130000 to $149999"", ""$17500 to 19999"", ""$35000 to 39999"", ""$75000 to $89999"", ""$6 000 to 6 999"", ""$25000 to 29999"", ""$110000 to $129999"", ""$50000 to 59999"", ""$10000 to 12499"", ""$20000 to 22499"", ""$170000 or over"", ""under $1 000"", ""$4 000 to 4 999""]",2022,dtag:maps/gss/gss_2022_map.csv#YEAR_SPECIFIC
80,region,region of interview,region of interview,"[""pacific"", ""middle atlantic"", ""e. nor. central"", ""new england"", ""south atlantic"", ""w. sou. central"", ""w. nor. central"", ""mountain"", ""e. sou. central""]",2022,dtag:maps/gss/gss_2022_map.csv#YEAR_SPECIFIC
81,xnorcsiz,expanded norc size code,expanded norc size code,"[""city gt 250000"", ""uninc,lrg city"", ""open country"", ""suburb, med city"", ""city,50-250000"", ""suburb, lrg city"", ""uninc,med city"", ""city,10-49999"", ""town gt 2500"", ""smaller areas""]",2024,dtag:maps/gss/gss_2024_map.csv#YEAR_SPECIFIC
82,srcbelt,,,"[""smsa's 13-100"", ""12 lrgst smsa's"", ""other urban"", ""suburb, 13-100"", ""suburb, 12 lrgst"", ""other rural""]",,none
83,size,,,"[""44"", ""30"", ""13"", ""2696"", ""8"", ""43"", ""41"", ""28"", ""17"", ""7"", ""9"", ""462"", ""137"", ""125"", ""3793"", ""136"", ""84"", ""336"", ""74"", ""14"", ""26"", ""8175"", ""24"", ""67"", ""124"", ""56"", ""304"", ""23"", ""2"", ""193"", ""57"", ""11"", ""39"", ""69"", ""5"", ""117"", ""1198"", ""105"", ""71"", ""10"", ""27"", ""621"", ""602"", ""4"", ""6"", ""61"", ""48"", ""618"", ""95"", ""29"", ""40"", ""16"", ""946"", ""741"", ""260"", ""32"", ""805"", ""21"", ""49"", ""439"", ""285"", ""70"", ""46"", ""198"", ""1"", ""36"", ""64"", ""33"", ""1526"", ""134"", ""563"", ""1307"", ""1446"", ""2099"", ""37"", ""420"", ""19"", ""118"", ""15"", ""609"", ""94"", ""92"", ""90"", ""166"", ""109"", ""399"", ""63"", ""144"", ""3"", ""25"", ""714"", ""584"", ""223"", ""787"", ""830"", ""1327"", ""297"", ""62"", ""731"", ""600"", ""319"", ""325"", ""83"", ""75"", ""65"", ""60"", ""79"", ""12"", ""245"", ""93"", ""466"", ""186"", ""601"", ""20"", ""153"", ""91"", ""217"", ""595"", ""261"", ""18"", ""31"", ""179"", ""206"", ""822"", ""180"", ""34"", ""165"", ""22"", ""42"", ""86"", ""88"", ""546"", ""154"", ""416"", ""121"", ""127"", ""209"", ""100"", ""495"", ""111"", ""54"", ""0""]",,none
84,partyid,political party affiliation,political party affiliation,"[""strong democrat"", ""not str democrat"", ""other party"", ""independent"", ""ind,near dem"", ""ind,near rep"", ""not str republican"", ""strong republican""]",2022,dtag:maps/gss/gss_2022_map.csv#YEAR_SPECIFIC
85,VOTE12,,,"[""ineligible"", ""did not vote"", ""voted""]",,none
86,PRES12,,,"[""other candidate (specify)"", ""obama"", ""romney"", ""didn't vote for president""]",,none
87,IF12WHO,,,"[""other"", ""romney"", ""obama""]",,none
88,VOTE16,remember if voted in 2016 election,remember if voted in 2016 election,"[""ineligible"", ""did not vote"", ""voted""]",2022,dtag:maps/gss/gss_2022_map.csv#YEAR_SPECIFIC
89,PRES16,vote clinton or trump,vote clinton or trump,"[""other candidate (specify)"", ""no answer"", ""clinton"", ""iap"", ""don't know"", ""didn't vote for president"", ""trump""]",2022,dtag:maps/gss/gss_2022_map.csv#YEAR_SPECIFIC
90,IF16WHO,who you would have voted for,who you would have voted for,"[""other"", ""trump"", ""clinton""]",2022,dtag:maps/gss/gss_2022_map.csv#YEAR_SPECIFIC
91,polviews,think of self as liberal or conservative,think of self as liberal or conservative,"[""extrmly conservative"", ""extremely liberal"", ""slightly liberal"", ""liberal"", ""moderate"", ""slghtly conservative"", ""conservative""]",2022,dtag:maps/gss/gss_2022_map.csv#YEAR_SPECIFIC
92,natspac,space exploration program,space exploration program,"[""about right"", ""too little"", ""too much""]",2022,dtag:maps/gss/gss_2022_map.csv#YEAR_SPECIFIC
93,natenvir,improving & protecting environment,improving & protecting environment,"[""too much"", ""too little"", ""about right""]",2022,dtag:maps/gss/gss_2022_map.csv#YEAR_SPECIFIC
94,natheal,improving & protecting nations health,improving & protecting nations health,"[""too much"", ""about right"", ""too little""]",2022,dtag:maps/gss/gss_2022_map.csv#YEAR_SPECIFIC
95,natcity,solving problems of big cities,solving problems of big cities,"[""too much"", ""about right"", ""too little""]",2022,dtag:maps/gss/gss_2022_map.csv#YEAR_SPECIFIC
96,natcrime,halting rising crime rate,halting rising crime rate,"[""about right"", ""too much"", ""too little""]",2022,dtag:maps/gss/gss_2022_map.csv#YEAR_SPECIFIC
97,natdrug,dealing with drug addiction,dealing with drug addiction,"[""too much"", ""about right"", ""too little""]",2022,dtag:maps/gss/gss_2022_map.csv#YEAR_SPECIFIC
98,nateduc,improving nations education system,improving nations education system,"[""too much"", ""about right"", ""too little""]",2022,dtag:maps/gss/gss_2022_map.csv#YEAR_SPECIFIC
99,natrace,improving the conditions of black people,improving the conditions of black people,"[""too much"", ""about right"", ""too little""]",2022,dtag:maps/gss/gss_2022_map.csv#YEAR_SPECIFIC
100,natarms,"military, armaments, and defense","military, armaments, and defense","[""about right"", ""too little"", ""too much""]",2022,dtag:maps/gss/gss_2022_map.csv#YEAR_SPECIFIC
101,nataid,foreign aid,foreign aid,"[""too little"", ""about right"", ""too much""]",2022,dtag:maps/gss/gss_2022_map.csv#YEAR_SPECIFIC
102,natfare,welfare,welfare,"[""too much"", ""too little"", ""about right""]",2022,dtag:maps/gss/gss_2022_map.csv#YEAR_SPECIFIC
103,natroad,highways and bridges,highways and bridges,"[""about right"", ""too much"", ""too little""]",2022,dtag:maps/gss/gss_2022_map.csv#YEAR_SPECIFIC
104,natsoc,social security,social security,"[""about right"", ""too much"", ""too little""]",2022,dtag:maps/gss/gss_2022_map.csv#YEAR_SPECIFIC
105,natmass,mass transportation,mass transportation,"[""too much"", ""too little"", ""about right""]",2022,dtag:maps/gss/gss_2022_map.csv#YEAR_SPECIFIC
106,natpark,parks and recreation,parks and recreation,"[""too little"", ""about right"", ""too much""]",2022,dtag:maps/gss/gss_2022_map.csv#YEAR_SPECIFIC
107,natchld,assistance for childcare,assistance for childcare,"[""too much"", ""too little"", ""about right""]",2022,dtag:maps/gss/gss_2022_map.csv#YEAR_SPECIFIC
108,natsci,supporting scientific research,supporting scientific research,"[""too much"", ""too little"", ""about right""]",2022,dtag:maps/gss/gss_2022_map.csv#YEAR_SPECIFIC
109,natenrgy,developing alternative energy sources,developing alternative energy sources,"[""too much"", ""about right"", ""too little""]",2022,dtag:maps/gss/gss_2022_map.csv#YEAR_SPECIFIC
110,natspacy,space exploration:version y,space exploration:version y,"[""too little"", ""too much"", ""about right""]",2022,dtag:maps/gss/gss_2022_map.csv#YEAR_SPECIFIC
111,natenviy,the environment:version y,the environment:version y,"[""about right"", ""too much"", ""too little""]",2022,dtag:maps/gss/gss_2022_map.csv#YEAR_SPECIFIC
112,nathealy,health:version y,health:version y,"[""too little"", ""too much"", ""about right""]",2022,dtag:maps/gss/gss_2022_map.csv#YEAR_SPECIFIC
113,natcityy,assistance to big cities:version y,assistance to big cities:version y,"[""too little"", ""too much"", ""about right""]",2022,dtag:maps/gss/gss_2022_map.csv#YEAR_SPECIFIC
114,natcrimy,law enforcement:version y,law enforcement:version y,"[""too much"", ""about right"", ""too little""]",2022,dtag:maps/gss/gss_2022_map.csv#YEAR_SPECIFIC
115,natdrugy,drug rehabilitation:version y,drug rehabilitation:version y,"[""too much"", ""about right"", ""too little""]",2022,dtag:maps/gss/gss_2022_map.csv#YEAR_SPECIFIC
116,nateducy,education:version y,education:version y,"[""too little"", ""too much"", ""about right""]",2022,dtag:maps/gss/gss_2022_map.csv#YEAR_SPECIFIC
117,natracey,assistance to black people: version y,assistance to black people: version y,"[""too much"", ""about right"", ""too little""]",2022,dtag:maps/gss/gss_2022_map.csv#YEAR_SPECIFIC
118,natarmsy,national defense:version y,national defense:version y,"[""too little"", ""about right"", ""too much""]",2022,dtag:maps/gss/gss_2022_map.csv#YEAR_SPECIFIC
119,nataidy,assistance to other countries:ver y,assistance to other countries:ver y,"[""too little"", ""about right"", ""too much""]",2022,dtag:maps/gss/gss_2022_map.csv#YEAR_SPECIFIC
120,natfarey,assistance to the poor:version y,assistance to the poor:version y,"[""too much"", ""about right"", ""too little""]",2022,dtag:maps/gss/gss_2022_map.csv#YEAR_SPECIFIC
121,eqwlth,should govt reduce income differences,should govt reduce income differences,"[""d"", ""b"", ""c"", ""e""]",2022,dtag:maps/gss/gss_2022_map.csv#YEAR_SPECIFIC
122,tax,r's federal income tax,r's federal income tax,"[""too low"", ""about right"", ""too high""]",2024,dtag:maps/gss/gss_2024_map.csv#YEAR_SPECIFIC
123,spkath,allow anti-religionist to speak,allow anti-religionist to speak,"[""not allowed"", ""allowed""]",2022,dtag:maps/gss/gss_2022_map.csv#YEAR_SPECIFIC
124,colath,allow anti-religionist to teach,allow anti-religionist to teach,"[""not allowed"", ""allowed""]",2022,dtag:maps/gss/gss_2022_map.csv#YEAR_SPECIFIC
125,libath,allow anti-religious book in library,allow anti-religious book in library,"[""remove"", ""not remove""]",2022,dtag:maps/gss/gss_2022_map.csv#YEAR_SPECIFIC
126,spkrac,allow racist to speak,allow racist to speak,"[""not allowed"", ""allowed""]",2022,dtag:maps/gss/gss_2022_map.csv#YEAR_SPECIFIC
127,colrac,allow racist to teach,allow racist to teach,"[""not allowed"", ""allowed""]",2022,dtag:maps/gss/gss_2022_map.csv#YEAR_SPECIFIC
128,librac,allow racists book in library,allow racists book in library,"[""remove"", ""not remove""]",2022,dtag:maps/gss/gss_2022_map.csv#YEAR_SPECIFIC
129,spkcom,allow communist to speak,allow communist to speak,"[""not allowed"", ""allowed""]",2022,dtag:maps/gss/gss_2022_map.csv#YEAR_SPECIFIC
130,colcom,should communist teacher be fired,should communist teacher be fired,"[""fired"", ""not fired""]",2022,dtag:maps/gss/gss_2022_map.csv#YEAR_SPECIFIC
131,libcom,allow communists book in library,allow communists book in library,"[""remove"", ""not remove""]",2022,dtag:maps/gss/gss_2022_map.csv#YEAR_SPECIFIC
132,spkmil,,,"[""not allowed"", ""allowed""]",,none
133,colmil,,,"[""not allowed"", ""allowed""]",,none
134,libmil,,,"[""remove"", ""not remove""]",,none
135,spkhomo,,,"[""not allowed"", ""allowed""]",,none
136,colhomo,,,"[""not allowed"", ""allowed""]",,none
137,libhomo,,,"[""remove"", ""not remove""]",,none
138,spkmslm,allow muslim clergymen preaching hatred of the us,allow muslim clergymen preaching hatred of the us,"[""not allowed"", ""yes, allowed""]",2022,dtag:maps/gss/gss_2022_map.csv#YEAR_SPECIFIC
139,colmslm,allow anti-american muslim clergymen teaching in college,allow anti-american muslim clergymen teaching in college,"[""not allowed"", ""yes, allowed""]",2022,dtag:maps/gss/gss_2022_map.csv#YEAR_SPECIFIC
140,libmslm,allow anti-american muslim clergymen's books in library,allow anti-american muslim clergymen's books in library,"[""remove"", ""not remove""]",2022,dtag:maps/gss/gss_2022_map.csv#YEAR_SPECIFIC
141,cappun,favor or oppose death penalty for murder,favor or oppose death penalty for murder,"[""oppose"", ""favor""]",2022,dtag:maps/gss/gss_2022_map.csv#YEAR_SPECIFIC
142,gunlaw,favor or oppose gun permits,favor or oppose gun permits,"[""oppose"", ""favor""]",2022,dtag:maps/gss/gss_2022_map.csv#YEAR_SPECIFIC
143,courts,courts dealing with criminals,courts dealing with criminals,"[""about right"", ""too harsh"", ""not harsh enough""]",2022,dtag:maps/gss/gss_2022_map.csv#YEAR_SPECIFIC
144,grass,should marijuana be made legal,should marijuana be made legal,"[""not legal"", ""legal""]",2022,dtag:maps/gss/gss_2022_map.csv#YEAR_SPECIFIC
145,relig,r's religious preference,r's religious preference,"[""jewish"", ""buddhism"", ""orthodox-christian"", ""moslem/islam"", ""other"", ""catholic"", ""protestant"", ""none"", ""christian"", ""hinduism"", ""inter-nondenominational"", ""native american""]",2024,dtag:maps/gss/gss_2024_map.csv#YEAR_SPECIFIC
146,denom,specific denomination,specific denomination,"[""am bapt ch in usa"", ""presbyterian c in us"", ""am baptist asso"", ""united methodist"", ""other"", ""lutheran-dk which"", ""lutheran-mo synod"", ""methodist-dk which"", ""episcopal"", ""baptist-dk which"", ""other methodist"", ""afr meth ep zion"", ""no denomination"", ""evangelical luth"", ""southern baptist"", ""afr meth episcopal"", ""presbyterian, merged"", ""other baptists"", ""presbyterian-dk wh"", ""united pres ch in us"", ""am lutheran"", ""luth ch in america"", ""nat bapt conv usa"", ""nat bapt conv of am"", ""wi evan luth synod"", ""other presbyterian"", ""other lutheran""]",2024,dtag:maps/gss/gss_2024_map.csv#YEAR_SPECIFIC
147,other,other protestant denominations,other protestant denominations,"[""church of god in christ"", ""quaker"", ""christian; central christian"", ""7th day adventist"", ""united church of christ"", ""assembly of god"", ""pentecostal"", ""reformed"", ""evangelical, evangelist"", ""congregationalist, 1st congreg"", ""church of christ"", ""disciples of christ"", ""christian & missionary alliance"", ""christian scientist"", ""ethiopian evangelical church"", ""apostolic christian"", ""mormon"", ""armenian apostolic church"", ""disciple of jesus"", ""spiritualist"", ""jehovah's witnesses"", ""covenant"", ""hebrew roots"", ""grace brethren"", ""holiness; church of holiness"", ""free methodist"", ""churches of god(except with christ and holiness)"", ""calvary"", ""missionary baptist"", ""free will baptist"", ""church of the first born"", ""pentecostal holiness, holiness pentecostal"", ""united holiness"", ""wesleyan"", ""full gospel"", ""unitarian, universalist"", ""nazarene"", ""evangelical reformed"", ""brethren church, brethren"", ""mennonite"", ""christian reform"", ""apostolic church""]",2021,dtag:maps/gss/gss_2021_map.csv#DONOR_MAP
148,Jew,what sort of jew r is,what sort of jew r is,"[""none of these"", ""reform"", ""other"", ""conservative"", ""orthodox""]",2021,dtag:maps/gss/gss_2021_map.csv#DONOR_MAP
149,fund,how fundamentalist is r currently,how fundamentalist is r currently,"[""fundamentalist"", ""liberal"", ""moderate""]",2024,dtag:maps/gss/gss_2024_map.csv#YEAR_SPECIFIC
150,attend,how often r attends religious services,how often r attends religious services,"[""lt once a year"", ""never"", ""every week"", ""nrly every week"", ""sevrl times a yr"", ""once a month"", ""once a year"", ""more thn once wk"", ""2-3x a month""]",2022,dtag:maps/gss/gss_2022_map.csv#YEAR_SPECIFIC
151,reliten,strength of affiliation,strength of affiliation,"[""somewhat strong"", ""not very strong"", ""no religion"", ""strong""]",2024,dtag:maps/gss/gss_2024_map.csv#YEAR_SPECIFIC
152,postlife,belief in life after death,belief in life after death,"[""no"", ""yes""]",2022,dtag:maps/gss/gss_2022_map.csv#YEAR_SPECIFIC
153,pray,how often does r pray,how often does r pray,"[""never"", ""once a day"", ""once a week"", ""several times a day"", ""lt once a week"", ""several times a week""]",2022,dtag:maps/gss/gss_2022_map.csv#YEAR_SPECIFIC
154,popespks,pope is infallible on matter's of faith or morals,pope is infallible on matter's of faith or morals,"[""certainly false"", ""probably true"", ""uncertain true or false"", ""certainly true"", ""probably false""]",2021,dtag:maps/gss/gss_2021_map.csv#DONOR_MAP
155,RELIG16,religion in which raised,religion in which raised,"[""buddhism"", ""jewish"", ""christian"", ""none"", ""orthodox-christian"", ""moslem/islam"", ""other"", ""catholic"", ""protestant"", ""hinduism"", ""native american""]",2024,dtag:maps/gss/gss_2024_map.csv#YEAR_SPECIFIC
156,DENOM16,denomination in which r was raised,denomination in which r was raised,"[""other presbyterian"", ""presbyterian c in us"", ""am bapt ch in usa"", ""baptist-dk which"", ""episcopal"", ""presbyterian-dk wh"", ""methodist-dk which"", ""lutheran-dk which"", ""other"", ""united methodist"", ""am baptist asso"", ""other baptists"", ""no denomination"", ""southern baptist"", ""afr meth episcopal"", ""lutheran-mo synod"", ""united pres ch in us"", ""presbyterian, merged"", ""luth ch in america"", ""am lutheran"", ""evangelical luth"", ""other methodist"", ""nat bapt conv of am"", ""wi evan luth synod"", ""afr meth ep zion"", ""other lutheran"", ""nat bapt conv usa""]",2024,dtag:maps/gss/gss_2024_map.csv#YEAR_SPECIFIC
157,OTH16,other protestant denominations,other protestant denominations,"[""united church of christ"", ""pentecostal"", ""christian scientist"", ""unitarian, universalist"", ""quaker"", ""reformed"", ""7th day adventist"", ""congregationalist, 1st congreg"", ""evangelical, evangelist"", ""disciples of christ"", ""christian; central christian"", ""mormon"", ""church of christ"", ""nazarene"", ""ethiopian evangelical church"", ""armenian apostolic church"", ""united church of canada"", ""assembly of god"", ""dutch reform"", ""covenant"", ""jehovah's witnesses"", ""mennonite"", ""churches of god(except with christ and holiness)"", ""church of god in christ"", ""free methodist"", ""holiness; church of holiness"", ""the church of god of prophecy"", ""free will baptist"", ""christian & missionary alliance"", ""wesleyan"", ""pentecostal holiness, holiness pentecostal"", ""evangelical reformed"", ""brethren church, brethren"", ""apostolic church"", ""word of jesus"", ""sanctified, sanctification"", ""christian reform""]",2021,dtag:maps/gss/gss_2021_map.csv#DONOR_MAP
158,Jew16,what sort of jew r was at age 16,what sort of jew r was at age 16,"[""reform"", ""conservative"", ""orthodox"", ""none of these""]",2021,dtag:maps/gss/gss_2021_map.csv#DONOR_MAP
159,FUND16,how fundamentalist was r at age 16,how fundamentalist was r at age 16,"[""liberal"", ""moderate"", ""fundamentalist""]",2024,dtag:maps/gss/gss_2024_map.csv#YEAR_SPECIFIC
160,sprel,spouse's religious preference,spouse's religious preference,"[""other eastern"", ""buddhism"", ""jewish"", ""moslem/islam"", ""christian"", ""none"", ""protestant"", ""catholic"", ""hinduism"", ""orthodox-christian"", ""other"", ""native american"", ""inter-nondenominational""]",2024,dtag:maps/gss/gss_2024_map.csv#YEAR_SPECIFIC
161,spden,"specific denomination, spouse","specific denomination, spouse","[""methodist-dk which"", ""lutheran-dk which"", ""evangelical luth"", ""episcopal"", ""baptist-dk which"", ""no denomination"", ""other"", ""lutheran-mo synod"", ""united methodist"", ""other presbyterian"", ""am bapt ch in usa"", ""presbyterian c in us"", ""presbyterian, merged"", ""other baptists"", ""united pres ch in us"", ""southern baptist"", ""presbyterian-dk wh"", ""am lutheran"", ""luth ch in america"", ""am baptist asso"", ""nat bapt conv of am"", ""afr meth ep zion"", ""wi evan luth synod"", ""other methodist"", ""nat bapt conv usa""]",2024,dtag:maps/gss/gss_2024_map.csv#YEAR_SPECIFIC
162,spother,other protestant denominations,other protestant denominations,"[""wesleyan"", ""moravian"", ""quaker"", ""pentecostal"", ""7th day adventist"", ""assembly of god"", ""charismatic"", ""united church of christ"", ""unitarian, universalist"", ""armenian apostolic church"", ""mormon"", ""church of christ"", ""christian & missionary alliance"", ""disciples of christ"", ""disciple of jesus"", ""christian; central christian"", ""jehovah's witnesses"", ""congregationalist, 1st congreg"", ""evangelical, evangelist"", ""grace brethren"", ""reformed"", ""hebrew roots"", ""holiness; church of holiness"", ""free will baptist"", ""pentecostal holiness, holiness pentecostal"", ""born again"", ""full gospel"", ""apostolic faith"", ""churches of god(except with christ and holiness)"", ""church of god in christ"", ""missionary baptist"", ""nazarene"", ""apostolic church"", ""old testament""]",2021,dtag:maps/gss/gss_2021_map.csv#DONOR_MAP
163,SPJew,what sort of jew is r's spouse currently,what sort of jew is r's spouse currently,"[""reform"", ""other"", ""none of these"", ""orthodox"", ""conservative""]",2021,dtag:maps/gss/gss_2021_map.csv#DONOR_MAP
164,spfund,how fundamentalist is spouse currently,how fundamentalist is spouse currently,"[""fundamentalist"", ""liberal"", ""moderate""]",2024,dtag:maps/gss/gss_2024_map.csv#YEAR_SPECIFIC
165,corel,partner's religious preference,partner's religious preference,"[""protestant"", ""none"", ""christian"", ""catholic"", ""moslem/islam"", ""other eastern"", ""native american"", ""jewish"", ""other""]",2024,dtag:maps/gss/gss_2024_map.csv#YEAR_SPECIFIC
166,coden,partner's denomination,partner's denomination,"[""lutheran-dk which"", ""other-specify"", ""baptist-dk which"", ""lutheran-mo synod"", ""am baptist asso"", ""other baptists"", ""no denomination"", ""southern baptist"", ""evangelical luth"", ""methodist-dk which"", ""united methodist"", ""episcopal"", ""nat bapt conv usa"", ""presbyterian-dk wh"", ""am lutheran""]",2024,dtag:maps/gss/gss_2024_map.csv#YEAR_SPECIFIC
167,coother,other protestant denominations,other protestant denominations,"[""united church of christ"", ""evangelical, evangelist"", ""christian; central christian"", ""christian scientist"", ""pentecostal"", ""assembly of god"", ""wesleyan"", ""mormon"", ""jehovah's witnesses"", ""mennonite"", ""unitarian, universalist""]",2021,dtag:maps/gss/gss_2021_map.csv#DONOR_MAP
168,COJew,what sort of jew is r's partner currently,what sort of jew is r's partner currently,"[""none of these"", ""conservative""]",2021,dtag:maps/gss/gss_2021_map.csv#DONOR_MAP
169,cofund,how fundamentalist is partner's current religion,how fundamentalist is partner's current religion,"[""fundamentalist"", ""liberal"", ""moderate""]",2024,dtag:maps/gss/gss_2024_map.csv#YEAR_SPECIFIC
170,prayer,bible prayer in public schools,bible prayer in public schools,"[""approve"", ""disapprove""]",2022,dtag:maps/gss/gss_2022_map.csv#YEAR_SPECIFIC
171,bible,feelings about the bible,feelings about the bible,"[""other"", ""book of fables"", ""inspired word"", ""word of god""]",2022,dtag:maps/gss/gss_2022_map.csv#YEAR_SPECIFIC
172,racopen,vote on open housing law,vote on open housing law,"[""cant discriminate"", ""owner decides"", ""neither""]",2022,dtag:maps/gss/gss_2022_map.csv#YEAR_SPECIFIC
173,raclive,any opp. race in neighborhood,any opp. race in neighborhood,"[""yes"", ""no""]",2022,dtag:maps/gss/gss_2022_map.csv#YEAR_SPECIFIC
174,affrmact,favor preference in hiring black people,favor preference in hiring black people,"[""strongly support pref"", ""support pref"", ""oppose pref"", ""strongly oppose pref""]",2022,dtag:maps/gss/gss_2022_map.csv#YEAR_SPECIFIC
175,wrkwayup,black people overcome prejudice without favors,black people overcome prejudice without favors,"[""agree somewhat"", ""disagree somewhat"", ""disagree strongly"", ""neither agree nor disagree"", ""agree strongly""]",2022,dtag:maps/gss/gss_2022_map.csv#YEAR_SPECIFIC
176,happy,general happiness,general happiness,"[""pretty happy"", ""not too happy"", ""very happy""]",2022,dtag:maps/gss/gss_2022_map.csv#YEAR_SPECIFIC
177,hapmar,happiness of marriage,happiness of marriage,"[""pretty happy"", ""not too happy"", ""very happy""]",2022,dtag:maps/gss/gss_2022_map.csv#YEAR_SPECIFIC
178,hapcohab,happiness of relt with partner,happiness of relt with partner,"[""pretty happy"", ""not too happy"", ""very happy""]",2022,dtag:maps/gss/gss_2022_map.csv#YEAR_SPECIFIC
179,health,condition of health,condition of health,"[""fair"", ""poor"", ""excellent"", ""good""]",2022,dtag:maps/gss/gss_2022_map.csv#YEAR_SPECIFIC
180,life,is life exciting or dull,is life exciting or dull,"[""exciting"", ""dull"", ""routine""]",2022,dtag:maps/gss/gss_2022_map.csv#YEAR_SPECIFIC
181,helpful,people helpful or looking out for selves,people helpful or looking out for selves,"[""depends"", ""lookout for self"", ""helpful""]",2022,dtag:maps/gss/gss_2022_map.csv#YEAR_SPECIFIC
182,fair,people fair or try to take advantage,people fair or try to take advantage,"[""depends"", ""take advantage"", ""fair""]",2022,dtag:maps/gss/gss_2022_map.csv#YEAR_SPECIFIC
183,trust,can people be trusted,can people be trusted,"[""depends"", ""can trust"", ""can't be too careful""]",2022,dtag:maps/gss/gss_2022_map.csv#YEAR_SPECIFIC
184,confinan,confid in banks & financial institutions,confid in banks & financial institutions,"[""a great deal"", ""hardly any"", ""only some""]",2022,dtag:maps/gss/gss_2022_map.csv#YEAR_SPECIFIC
185,conbus,confidence in major companies,confidence in major companies,"[""a great deal"", ""hardly any"", ""only some""]",2022,dtag:maps/gss/gss_2022_map.csv#YEAR_SPECIFIC
186,conclerg,confidence in organized religion,confidence in organized religion,"[""a great deal"", ""hardly any"", ""only some""]",2022,dtag:maps/gss/gss_2022_map.csv#YEAR_SPECIFIC
187,coneduc,confidence in education,confidence in education,"[""a great deal"", ""hardly any"", ""only some""]",2022,dtag:maps/gss/gss_2022_map.csv#YEAR_SPECIFIC
188,confed,confid. in exec branch of fed govt,confid. in exec branch of fed govt,"[""a great deal"", ""hardly any"", ""only some""]",2022,dtag:maps/gss/gss_2022_map.csv#YEAR_SPECIFIC
189,conlabor,confidence in organized labor,confidence in organized labor,"[""a great deal"", ""hardly any"", ""only some""]",2022,dtag:maps/gss/gss_2022_map.csv#YEAR_SPECIFIC
190,conpress,confidence in press,confidence in press,"[""a great deal"", ""hardly any"", ""only some""]",2022,dtag:maps/gss/gss_2022_map.csv#YEAR_SPECIFIC
191,conmedic,confidence in medicine,confidence in medicine,"[""hardly any"", ""a great deal"", ""only some""]",2022,dtag:maps/gss/gss_2022_map.csv#YEAR_SPECIFIC
192,contv,confidence in television,confidence in television,"[""a great deal"", ""hardly any"", ""only some""]",2022,dtag:maps/gss/gss_2022_map.csv#YEAR_SPECIFIC
193,conjudge,confid. in united states supreme court,confid. in united states supreme court,"[""hardly any"", ""a great deal"", ""only some""]",2022,dtag:maps/gss/gss_2022_map.csv#YEAR_SPECIFIC
194,consci,confidence in scientific community,confidence in scientific community,"[""hardly any"", ""a great deal"", ""only some""]",2022,dtag:maps/gss/gss_2022_map.csv#YEAR_SPECIFIC
195,conlegis,confidence in congress,confidence in congress,"[""a great deal"", ""hardly any"", ""only some""]",2022,dtag:maps/gss/gss_2022_map.csv#YEAR_SPECIFIC
196,conarmy,confidence in military,confidence in military,"[""hardly any"", ""a great deal"", ""only some""]",2022,dtag:maps/gss/gss_2022_map.csv#YEAR_SPECIFIC
197,obey,to obey,to obey,"[""2nd important"", ""4th important"", ""most important"", ""3rd important"", ""least important""]",2022,dtag:maps/gss/gss_2022_map.csv#YEAR_SPECIFIC
198,popular,to be well liked or popular,to be well liked or popular,"[""2nd important"", ""most important"", ""3rd important"", ""least important"", ""4th important""]",2022,dtag:maps/gss/gss_2022_map.csv#YEAR_SPECIFIC
199,thnkself,to think for ones self,to think for ones self,"[""4th important"", ""2nd important"", ""least important"", ""3rd important"", ""most important""]",2022,dtag:maps/gss/gss_2022_map.csv#YEAR_SPECIFIC
200,workhard,to work hard,to work hard,"[""4th important"", ""least important"", ""3rd important"", ""most important"", ""2nd important""]",2022,dtag:maps/gss/gss_2022_map.csv#YEAR_SPECIFIC
201,helpoth,to help others,to help others,"[""4th important"", ""2nd important"", ""least important"", ""most important"", ""3rd important""]",2022,dtag:maps/gss/gss_2022_map.csv#YEAR_SPECIFIC
202,socrel,spend evening with relatives,spend evening with relatives,"[""never"", ""sev times a mnth"", ""sev times a week"", ""once a month"", ""once a year"", ""almost daily"", ""sev times a year""]",2022,dtag:maps/gss/gss_2022_map.csv#YEAR_SPECIFIC
203,socommun,spend evening with neighbor,spend evening with neighbor,"[""almost daily"", ""once a month"", ""once a year"", ""sev times a year"", ""sev times a week"", ""sev times a mnth"", ""never""]",2022,dtag:maps/gss/gss_2022_map.csv#YEAR_SPECIFIC
204,socfrend,spend evening with friends,spend evening with friends,"[""almost daily"", ""sev times a week"", ""sev times a year"", ""never"", ""once a year"", ""once a month"", ""sev times a mnth""]",2022,dtag:maps/gss/gss_2022_map.csv#YEAR_SPECIFIC
205,socbar,spend evening at bar,spend evening at bar,"[""almost daily"", ""sev times a week"", ""sev times a mnth"", ""sev times a year"", ""never"", ""once a year"", ""once a month""]",2022,dtag:maps/gss/gss_2022_map.csv#YEAR_SPECIFIC
206,aged,should aged live with their children,should aged live with their children,"[""a bad idea"", ""depends"", ""a good idea""]",2022,dtag:maps/gss/gss_2022_map.csv#YEAR_SPECIFIC
207,weekswrk,weeks r worked last year,weeks r worked last year,"[""b"", ""e"", ""c""]",2022,dtag:maps/gss/gss_2022_map.csv#YEAR_SPECIFIC
208,partfull,was r's work part-time or full-time?,was r's work part-time or full-time?,"[""part-time"", ""full-time""]",2024,dtag:maps/gss/gss_2024_map.csv#YEAR_SPECIFIC
209,joblose,is r likely to lose job,is r likely to lose job,"[""very likely"", ""fairly likely"", ""not too likely"", ""not likely""]",2022,dtag:maps/gss/gss_2022_map.csv#YEAR_SPECIFIC
210,jobfind,could r find equally good job,could r find equally good job,"[""not easy"", ""somewhat easy"", ""very easy""]",2022,dtag:maps/gss/gss_2022_map.csv#YEAR_SPECIFIC
211,satjob,work satisfaction,work satisfaction,"[""a little dissat"", ""mod. satisfied"", ""very dissatisfied"", ""very satisfied""]",2022,dtag:maps/gss/gss_2022_map.csv#YEAR_SPECIFIC
212,richwork,"if rich, continue or stop working","if rich, continue or stop working","[""stop working"", ""continue working""]",2022,dtag:maps/gss/gss_2022_map.csv#YEAR_SPECIFIC
213,class,subjective class identification,subjective class identification,"[""upper class"", ""middle class"", ""working class"", ""lower class""]",2022,dtag:maps/gss/gss_2022_map.csv#YEAR_SPECIFIC
214,rank,r's self ranking of social position,r's self ranking of social position,"[""b"", ""a"", ""d"", ""e"", ""c""]",2022,dtag:maps/gss/gss_2022_map.csv#YEAR_SPECIFIC
215,satfin,satisfaction with financial situation,satisfaction with financial situation,"[""satisfied"", ""more or less"", ""not at all sat""]",2022,dtag:maps/gss/gss_2022_map.csv#YEAR_SPECIFIC
216,finalter,change in financial situation,change in financial situation,"[""worse"", ""stayed same"", ""better""]",2022,dtag:maps/gss/gss_2022_map.csv#YEAR_SPECIFIC
217,finrela,opinion of family income,opinion of family income,"[""average"", ""far below average"", ""above average"", ""below average"", ""far above average""]",2022,dtag:maps/gss/gss_2022_map.csv#YEAR_SPECIFIC
218,wksub,does r or spouse have supervisor,does r or spouse have supervisor,"[""no"", ""yes""]",2024,dtag:maps/gss/gss_2024_map.csv#YEAR_SPECIFIC
219,wksubs,does supervisor have supervisor,does supervisor have supervisor,"[""no"", ""yes""]",2024,dtag:maps/gss/gss_2024_map.csv#YEAR_SPECIFIC
220,WKSUB1,does r or spouse or partner have a supervisor,does r or spouse or partner have a supervisor,"[""no"", ""yes""]",2024,dtag:maps/gss/gss_2024_map.csv#YEAR_SPECIFIC
221,WKSUBS1,does supervisor have supervisor,does supervisor have supervisor,"[""no"", ""yes""]",2024,dtag:maps/gss/gss_2024_map.csv#YEAR_SPECIFIC
222,wksup,does r or spouse supervise anyone,does r or spouse supervise anyone,"[""no"", ""yes""]",2024,dtag:maps/gss/gss_2024_map.csv#YEAR_SPECIFIC
223,wksups,does subordinate supervise anyone,does subordinate supervise anyone,"[""yes"", ""no""]",2024,dtag:maps/gss/gss_2024_map.csv#YEAR_SPECIFIC
224,WKSUP1,does r or spouse or partner supervise anyone,does r or spouse or partner supervise anyone,"[""no"", ""yes""]",2024,dtag:maps/gss/gss_2024_map.csv#YEAR_SPECIFIC
225,WKSUPS1,does subordinant supervise anyone,does subordinant supervise anyone,"[""yes"", ""no""]",2024,dtag:maps/gss/gss_2024_map.csv#YEAR_SPECIFIC
226,unemp,ever unemployed in last ten yrs,ever unemployed in last ten yrs,"[""yes"", ""no""]",2022,dtag:maps/gss/gss_2022_map.csv#YEAR_SPECIFIC
227,union,does r or spouse belong to union,does r or spouse belong to union,"[""r and spouse belong"", ""r belongs"", ""spouse belongs"", ""neither belongs""]",2022,dtag:maps/gss/gss_2022_map.csv#YEAR_SPECIFIC
228,UNION1,does r or spouse or partner belong to union,does r or spouse or partner belong to union,"[""r and spouse or partner belong"", ""r belongs"", ""spouse or partner belongs"", ""neither belongs""]",2022,dtag:maps/gss/gss_2022_map.csv#YEAR_SPECIFIC
229,getahead,opinion of how people get ahead,opinion of how people get ahead,"[""both equally"", ""hard work"", ""luck or help""]",2022,dtag:maps/gss/gss_2022_map.csv#YEAR_SPECIFIC
230,parsol,r's living standard compared to parents,r's living standard compared to parents,"[""much worse"", ""somewhat better"", ""much better"", ""about the same"", ""somewhat worse""]",2022,dtag:maps/gss/gss_2022_map.csv#YEAR_SPECIFIC
231,kidssol,r's kids living standard compared to r,r's kids living standard compared to r,"[""much worse"", ""no children -volunteered-"", ""much better"", ""about the same"", ""somewhat better"", ""somewhat worse""]",2022,dtag:maps/gss/gss_2022_map.csv#YEAR_SPECIFIC
232,fepol,women not suited for politics,women not suited for politics,"[""agree"", ""disagree""]",2022,dtag:maps/gss/gss_2022_map.csv#YEAR_SPECIFIC
233,abdefect,strong chance of serious defect,strong chance of serious defect,"[""no"", ""yes""]",2022,dtag:maps/gss/gss_2022_map.csv#YEAR_SPECIFIC
234,abnomore,married--wants no more children,married--wants no more children,"[""yes"", ""no""]",2022,dtag:maps/gss/gss_2022_map.csv#YEAR_SPECIFIC
235,abhlth,woman's health seriously endangered,woman's health seriously endangered,"[""no"", ""yes""]",2022,dtag:maps/gss/gss_2022_map.csv#YEAR_SPECIFIC
236,abpoor,low income--cant afford more children,low income--cant afford more children,"[""yes"", ""no""]",2022,dtag:maps/gss/gss_2022_map.csv#YEAR_SPECIFIC
237,abrape,pregnant as result of rape,pregnant as result of rape,"[""no"", ""yes""]",2022,dtag:maps/gss/gss_2022_map.csv#YEAR_SPECIFIC
238,absingle,not married,not married,"[""yes"", ""no""]",2022,dtag:maps/gss/gss_2022_map.csv#YEAR_SPECIFIC
239,abany,abortion if woman wants for any reason,abortion if woman wants for any reason,"[""yes"", ""no""]",2022,dtag:maps/gss/gss_2022_map.csv#YEAR_SPECIFIC
240,chldidel,ideal number of children,ideal number of children,"[""d"", ""b"", ""e"", ""c""]",2022,dtag:maps/gss/gss_2022_map.csv#YEAR_SPECIFIC
241,pillok,birth control to teenagers 14-16,birth control to teenagers 14-16,"[""strongly disagree"", ""strongly agree"", ""agree"", ""disagree""]",2022,dtag:maps/gss/gss_2022_map.csv#YEAR_SPECIFIC
242,sexeduc,sex education in public schools,sex education in public schools,"[""oppose"", ""favor""]",2022,dtag:maps/gss/gss_2022_map.csv#YEAR_SPECIFIC
243,divlaw,divorce laws,divorce laws,"[""easier"", ""more difficult"", ""stay same""]",2024,dtag:maps/gss/gss_2024_map.csv#YEAR_SPECIFIC
244,premarsx,sex before marriage,sex before marriage,"[""almst always wrg"", ""always wrong"", ""sometimes wrong"", ""not wrong at all""]",2022,dtag:maps/gss/gss_2022_map.csv#YEAR_SPECIFIC
245,teensex,sex before marriage:teens 14-16,sex before marriage:teens 14-16,"[""not wrong at all"", ""sometimes wrong"", ""always wrong"", ""almst always wrg""]",2022,dtag:maps/gss/gss_2022_map.csv#YEAR_SPECIFIC
246,xmarsex,sex with person other than spouse,sex with person other than spouse,"[""not wrong at all"", ""sometimes wrong"", ""almst always wrg"", ""always wrong""]",2022,dtag:maps/gss/gss_2022_map.csv#YEAR_SPECIFIC
247,homosex,homosexual sex relations,homosexual sex relations,"[""sometimes wrong"", ""almst always wrg"", ""not wrong at all"", ""always wrong""]",2022,dtag:maps/gss/gss_2022_map.csv#YEAR_SPECIFIC
248,pornlaw,feelings about pornography laws,feelings about pornography laws,"[""legal"", ""illegal to all"", ""illegal under 18""]",2022,dtag:maps/gss/gss_2022_map.csv#YEAR_SPECIFIC
249,xmovie,seen x-rated movie in last year,seen x-rated movie in last year,"[""yes"", ""no""]",2022,dtag:maps/gss/gss_2022_map.csv#YEAR_SPECIFIC
250,spanking,favor spanking to discipline child,favor spanking to discipline child,"[""strongly disagree"", ""strongly agree"", ""agree"", ""disagree""]",2022,dtag:maps/gss/gss_2022_map.csv#YEAR_SPECIFIC
251,LETDIE1,allow incurable patients to die,allow incurable patients to die,"[""yes"", ""no""]",2022,dtag:maps/gss/gss_2022_map.csv#YEAR_SPECIFIC
252,SUICIDE1,suicide if incurable disease,suicide if incurable disease,"[""no"", ""yes""]",2024,dtag:maps/gss/gss_2024_map.csv#YEAR_SPECIFIC
253,SUICIDE2,suicide if bankrupt,suicide if bankrupt,"[""no"", ""yes""]",2024,dtag:maps/gss/gss_2024_map.csv#YEAR_SPECIFIC
254,SUICIDE3,suicide if dishonored family,suicide if dishonored family,"[""no"", ""yes""]",2021,dtag:maps/gss/gss_2021_map.csv#DONOR_MAP
255,SUICIDE4,suicide if tired of living,suicide if tired of living,"[""no"", ""yes""]",2022,dtag:maps/gss/gss_2022_map.csv#YEAR_SPECIFIC
256,polhitok,ever approve of police striking citizen,ever approve of police striking citizen,"[""yes"", ""no""]",2022,dtag:maps/gss/gss_2022_map.csv#YEAR_SPECIFIC
257,polabuse,citizen said vulgar or obscene things,citizen said vulgar or obscene things,"[""yes"", ""no""]",2022,dtag:maps/gss/gss_2022_map.csv#YEAR_SPECIFIC
258,polmurdr,citizen questioned as murder suspect,citizen questioned as murder suspect,"[""yes"", ""no""]",2022,dtag:maps/gss/gss_2022_map.csv#YEAR_SPECIFIC
259,polescap,citizen attempting to escape custody,citizen attempting to escape custody,"[""no"", ""yes""]",2022,dtag:maps/gss/gss_2022_map.csv#YEAR_SPECIFIC
260,polattak,citizen attacking policeman with fists,citizen attacking policeman with fists,"[""no"", ""yes""]",2022,dtag:maps/gss/gss_2022_map.csv#YEAR_SPECIFIC
261,fear,afraid to walk at night in neighborhood,afraid to walk at night in neighborhood,"[""no"", ""yes""]",2022,dtag:maps/gss/gss_2022_map.csv#YEAR_SPECIFIC
262,owngun,have gun in home,have gun in home,"[""refused"", ""yes"", ""no""]",2022,dtag:maps/gss/gss_2022_map.csv#YEAR_SPECIFIC
263,pistol,pistol or revolver in home,pistol or revolver in home,"[""refused"", ""yes"", ""no""]",2022,dtag:maps/gss/gss_2022_map.csv#YEAR_SPECIFIC
264,shotgun,shotgun in home,shotgun in home,"[""refused"", ""yes"", ""no""]",2022,dtag:maps/gss/gss_2022_map.csv#YEAR_SPECIFIC
265,rifle,rifle in home,rifle in home,"[""refused"", ""yes"", ""no""]",2022,dtag:maps/gss/gss_2022_map.csv#YEAR_SPECIFIC
266,rowngun,does gun belong to r,does gun belong to r,"[""no"", ""refused"", ""yes""]",2022,dtag:maps/gss/gss_2022_map.csv#YEAR_SPECIFIC
267,hunt,does r or spouse hunt,does r or spouse hunt,"[""spouse"", ""resp"", ""both"", ""neither""]",2022,dtag:maps/gss/gss_2022_map.csv#YEAR_SPECIFIC
268,HUNT1,does r or spouse or partner hunt,does r or spouse or partner hunt,"[""spouse or partner hunts"", ""both hunt"", ""respondent hunts"", ""neither hunts""]",2022,dtag:maps/gss/gss_2022_map.csv#YEAR_SPECIFIC
269,news,how often does r read newspaper,how often does r read newspaper,"[""few times a week"", ""once a week"", ""never"", ""less than once wk"", ""everyday""]",2022,dtag:maps/gss/gss_2022_map.csv#YEAR_SPECIFIC
270,tvhours,hours per day watching tv,hours per day watching tv,"[""b"", ""d"", ""e"", ""c""]",2022,dtag:maps/gss/gss_2022_map.csv#YEAR_SPECIFIC
271,phone,does r have telephone,does r have telephone,"[""no phone"", ""phone elsewhere"", ""refused"", ""phone in home"", ""cellphone""]",2024,dtag:maps/gss/gss_2024_map.csv#YEAR_SPECIFIC
272,coop,r's attitude toward interview,r's attitude toward interview,"[""restless,impatient"", ""cooperative"", ""friendly,interested"", ""hostile""]",2021,dtag:maps/gss/gss_2021_map.csv#DONOR_MAP
273,comprend,r's understanding of questions,r's understanding of questions,"[""poor"", ""fair"", ""good""]",2021,dtag:maps/gss/gss_2021_map.csv#DONOR_MAP
274,form,form of split questionnaire asked,form of split questionnaire asked,"[""alternate <y>"", ""standard <x>""]",2022,dtag:maps/gss/gss_2022_map.csv#YEAR_SPECIFIC
275,random,,,"[""e"", ""b"", ""c""]",,none
276,fechld,mother working doesn't hurt children,mother working doesn't hurt children,"[""strongly disagree"", ""agree"", ""strongly agree"", ""disagree""]",2022,dtag:maps/gss/gss_2022_map.csv#YEAR_SPECIFIC
277,fepresch,preschool kids suffer if mother works,preschool kids suffer if mother works,"[""strongly agree"", ""agree"", ""strongly disagree"", ""disagree""]",2022,dtag:maps/gss/gss_2022_map.csv#YEAR_SPECIFIC
278,fefam,"better for man to work, woman tend home","better for man to work, woman tend home","[""strongly agree"", ""agree"", ""strongly disagree"", ""disagree""]",2022,dtag:maps/gss/gss_2022_map.csv#YEAR_SPECIFIC
279,RACDIF1,differences due to discrimination,differences due to discrimination,"[""yes"", ""no""]",2022,dtag:maps/gss/gss_2022_map.csv#YEAR_SPECIFIC
280,RACDIF2,differences due to in-born learning ability,differences due to in-born learning ability,"[""yes"", ""no""]",2022,dtag:maps/gss/gss_2022_map.csv#YEAR_SPECIFIC
281,RACDIF3,differences due to lack of education,differences due to lack of education,"[""yes"", ""no""]",2022,dtag:maps/gss/gss_2022_map.csv#YEAR_SPECIFIC
282,RACDIF4,differences due to lack of will,differences due to lack of will,"[""no"", ""yes""]",2022,dtag:maps/gss/gss_2022_map.csv#YEAR_SPECIFIC
283,helppoor,should govt improve standard of living?,should govt improve standard of living?,"[""d"", ""b"", ""c"", ""e""]",2022,dtag:maps/gss/gss_2022_map.csv#YEAR_SPECIFIC
284,helpnot,should govt do more or less?,should govt do more or less?,"[""b"", ""c"", ""d"", ""e""]",2022,dtag:maps/gss/gss_2022_map.csv#YEAR_SPECIFIC
285,helpsick,should govt help pay for medical care?,should govt help pay for medical care?,"[""d"", ""b"", ""c"", ""e""]",2022,dtag:maps/gss/gss_2022_map.csv#YEAR_SPECIFIC
286,helpblk,should govt aid black people?,should govt aid black people?,"[""d"", ""b"", ""c"", ""e""]",2022,dtag:maps/gss/gss_2022_map.csv#YEAR_SPECIFIC
287,god,r's confidence in the existence of god,r's confidence in the existence of god,"[""believe sometimes"", ""no way to find out"", ""dont believe"", ""some higher power"", ""believe but doubts"", ""know god exists""]",2022,dtag:maps/gss/gss_2022_map.csv#YEAR_SPECIFIC
288,reborn,has r ever had a 'born again' experience,has r ever had a 'born again' experience,"[""no"", ""yes""]",2022,dtag:maps/gss/gss_2022_map.csv#YEAR_SPECIFIC
289,savesoul,tried to convince others to accept jesus,tried to convince others to accept jesus,"[""no"", ""yes""]",2022,dtag:maps/gss/gss_2022_map.csv#YEAR_SPECIFIC
290,numcong,,,"[""d"", ""e"", ""c""]",,none
291,wlthwhts,rich - poor,rich - poor,"[""e"", ""c""]",2022,dtag:maps/gss/gss_2022_map.csv#YEAR_SPECIFIC
292,wlthblks,rich - poor,rich - poor,"[""e"", ""c""]",2022,dtag:maps/gss/gss_2022_map.csv#YEAR_SPECIFIC
293,wlthhsps,rich - poor,rich - poor,"[""e"", ""c""]",2021,dtag:maps/gss/gss_2021_map.csv#DONOR_MAP
294,workwhts,hard working - lazy,hard working - lazy,"[""e"", ""c""]",2022,dtag:maps/gss/gss_2022_map.csv#YEAR_SPECIFIC
295,workblks,hard working - lazy,hard working - lazy,"[""e"", ""c""]",2022,dtag:maps/gss/gss_2022_map.csv#YEAR_SPECIFIC
296,workhsps,hard working -lazy,hard working -lazy,"[""e"", ""c""]",2024,dtag:maps/gss/gss_2024_map.csv#YEAR_SPECIFIC
297,intlwhts,unintelligent -intelligent,unintelligent -intelligent,"[""e"", ""c""]",2022,dtag:maps/gss/gss_2022_map.csv#YEAR_SPECIFIC
298,intlblks,unintelligent - intelligent,unintelligent - intelligent,"[""e"", ""c""]",2022,dtag:maps/gss/gss_2022_map.csv#YEAR_SPECIFIC
299,intlhsps,unintelligent - intelligent,unintelligent - intelligent,"[""e"", ""c""]",2022,dtag:maps/gss/gss_2022_map.csv#YEAR_SPECIFIC
300,liveblks,neighborhood half black,neighborhood half black,"[""strongly favor"", ""oppose"", ""strongly oppose"", ""favor"", ""neither favor nor oppose""]",2024,dtag:maps/gss/gss_2024_map.csv#YEAR_SPECIFIC
301,marblk,close relative marry black person,close relative marry black person,"[""favor"", ""strongly oppose"", ""neither favor nor oppose"", ""strongly favor"", ""oppose""]",2022,dtag:maps/gss/gss_2022_map.csv#YEAR_SPECIFIC
302,MARAsian,close relative marry asian,close relative marry asian,"[""strongly oppose"", ""favor"", ""oppose"", ""strongly favor"", ""neither favor nor oppose""]",2022,dtag:maps/gss/gss_2022_map.csv#YEAR_SPECIFIC
303,marhisp,close relative marry hispanic,close relative marry hispanic,"[""strongly oppose"", ""oppose"", ""strongly favor"", ""favor"", ""neither favor nor oppose""]",2022,dtag:maps/gss/gss_2022_map.csv#YEAR_SPECIFIC
304,marwht,r favor close relative marrying white person,r favor close relative marrying white person,"[""oppose"", ""strongly oppose"", ""strongly favor"", ""favor"", ""neither favor nor oppose""]",2022,dtag:maps/gss/gss_2022_map.csv#YEAR_SPECIFIC
305,racwork,racial makeup of workplace,racial makeup of workplace,"[""mostly white"", ""half white-black"", ""all white"", ""mostly black"", ""all black""]",2022,dtag:maps/gss/gss_2022_map.csv#YEAR_SPECIFIC
306,discaff,whites hurt by aff. action,whites hurt by aff. action,"[""not very likely"", ""very likely"", ""somewhat likely""]",2022,dtag:maps/gss/gss_2022_map.csv#YEAR_SPECIFIC
307,yousup,how many people do you supervise directly,how many people do you supervise directly,"[""d"", ""c"", ""e""]",2024,dtag:maps/gss/gss_2024_map.csv#YEAR_SPECIFIC
308,spwksup,does spouse supervise anyone,does spouse supervise anyone,"[""yes"", ""no""]",2024,dtag:maps/gss/gss_2024_map.csv#YEAR_SPECIFIC
309,fejobaff,for or against preferential hiring of women,for or against preferential hiring of women,"[""for"", ""strongly for"", ""against"", ""strongly against""]",2022,dtag:maps/gss/gss_2022_map.csv#YEAR_SPECIFIC
310,discaffm,a man won't get a job or promotion,a man won't get a job or promotion,"[""very unlikely"", ""somewhat likely"", ""very likely"", ""somewhat unlikely""]",2022,dtag:maps/gss/gss_2022_map.csv#YEAR_SPECIFIC
311,discaffw,a woman won't get a job or promotion,a woman won't get a job or promotion,"[""very likely"", ""very unlikely"", ""somewhat likely"", ""somewhat unlikely""]",2022,dtag:maps/gss/gss_2022_map.csv#YEAR_SPECIFIC
312,fehire,should hire and promote women,should hire and promote women,"[""strongly agree"", ""neither agree nor disagree"", ""agree"", ""disagree"", ""strongly disagree""]",2022,dtag:maps/gss/gss_2022_map.csv#YEAR_SPECIFIC
313,vigversn,vignette version number,vignette version number,"[""d"", ""b"", ""c"", ""e""]",2024,dtag:maps/gss/gss_2024_map.csv#YEAR_SPECIFIC
314,seriousp,how serious x s situation is,how serious x s situation is,"[""not very serious"", ""not at all serious"", ""somewhat serious"", ""very serious""]",2024,dtag:maps/gss/gss_2024_map.csv#YEAR_SPECIFIC
315,charactr,how likely x s situation caused by bad character,how likely x s situation caused by bad character,"[""not very likely"", ""very likely"", ""somewhat likely"", ""not at all likely""]",2024,dtag:maps/gss/gss_2024_map.csv#YEAR_SPECIFIC
316,imbalnce,how likely x s situation caused by imbalance in brain,how likely x s situation caused by imbalance in brain,"[""not very likely"", ""not at all likely"", ""somewhat likely"", ""very likely""]",2024,dtag:maps/gss/gss_2024_map.csv#YEAR_SPECIFIC
317,wayraise,how likely x s situation caused by the way raised,how likely x s situation caused by the way raised,"[""very likely"", ""not very likely"", ""somewhat likely"", ""not at all likely""]",2024,dtag:maps/gss/gss_2024_map.csv#YEAR_SPECIFIC
318,stresses,how likely x s situation caused by stress,how likely x s situation caused by stress,"[""not very likely"", ""very likely"", ""not at all likely"", ""somewhat likely""]",2024,dtag:maps/gss/gss_2024_map.csv#YEAR_SPECIFIC
319,genetics,how likely x s situation caused by genetic problem,how likely x s situation caused by genetic problem,"[""very likely"", ""not very likely"", ""not at all likely"", ""somewhat likely""]",2024,dtag:maps/gss/gss_2024_map.csv#YEAR_SPECIFIC
320,godswill,how likely x s situation caused by god s will,how likely x s situation caused by god s will,"[""very likely"", ""somewhat likely"", ""not very likely"", ""not at all likely""]",2024,dtag:maps/gss/gss_2024_map.csv#YEAR_SPECIFIC
321,upsdowns,how likely x is experiencing normal ups-and-downs of life,how likely x is experiencing normal ups-and-downs of life,"[""very likely"", ""somewhat likely"", ""not at all likely"", ""not very likely""]",2024,dtag:maps/gss/gss_2024_map.csv#YEAR_SPECIFIC
322,breakdwn,how likely x is experiencing nervous breakdown,how likely x is experiencing nervous breakdown,"[""somewhat likely"", ""not at all likely"", ""very likely"", ""not very likely""]",2024,dtag:maps/gss/gss_2024_map.csv#YEAR_SPECIFIC
323,mentlill,how likely x is experiencing mental illness,how likely x is experiencing mental illness,"[""not very likely"", ""not at all likely"", ""somewhat likely"", ""very likely""]",2024,dtag:maps/gss/gss_2024_map.csv#YEAR_SPECIFIC
324,physill,how likely x is experiencing physical illness,how likely x is experiencing physical illness,"[""not at all likely"", ""not very likely"", ""very likely"", ""somewhat likely""]",2024,dtag:maps/gss/gss_2024_map.csv#YEAR_SPECIFIC
325,viglabel,how likely x is experiencing vignettes,how likely x is experiencing vignettes,"[""not at all likely"", ""not very likely"", ""very likely"", ""somewhat likely""]",2024,dtag:maps/gss/gss_2024_map.csv#YEAR_SPECIFIC
326,dectreat,how able is x to decide receive treatment,how able is x to decide receive treatment,"[""somewhat able"", ""not very able"", ""very able"", ""not able at all""]",2024,dtag:maps/gss/gss_2024_map.csv#YEAR_SPECIFIC
327,decmoney,how able is x to decide managing own money,how able is x to decide managing own money,"[""not very able"", ""somewhat able"", ""very able"", ""not able at all""]",2024,dtag:maps/gss/gss_2024_map.csv#YEAR_SPECIFIC
328,imprvown,how likely x s situation will improve on its own,how likely x s situation will improve on its own,"[""very likely"", ""somewhat likely"", ""not likely at all"", ""somewhat unlikely""]",2024,dtag:maps/gss/gss_2024_map.csv#YEAR_SPECIFIC
329,imprvtrt,how likely x s situation will improve with treatment,how likely x s situation will improve with treatment,"[""not likely at all"", ""somewhat likely"", ""very likely"", ""somewhat unlikely""]",2024,dtag:maps/gss/gss_2024_map.csv#YEAR_SPECIFIC
330,vignei,how willing r would have x as a neighbor,how willing r would have x as a neighbor,"[""definitely willing"", ""probably unwilling"", ""definitely unwilling"", ""probably willing""]",2024,dtag:maps/gss/gss_2024_map.csv#YEAR_SPECIFIC
331,vigsoc,how willing r would spend time socializing with x,how willing r would spend time socializing with x,"[""definitely unwilling"", ""definitely willing"", ""probably unwilling"", ""probably willing""]",2024,dtag:maps/gss/gss_2024_map.csv#YEAR_SPECIFIC
332,vigfrnd,how willing r would make friends with x,how willing r would make friends with x,"[""definitely unwilling"", ""probably unwilling"", ""definitely willing"", ""probably willing""]",2024,dtag:maps/gss/gss_2024_map.csv#YEAR_SPECIFIC
333,vigwork,how willing r would work closely with x on a job,how willing r would work closely with x on a job,"[""definitely unwilling"", ""probably willing"", ""definitely willing"", ""probably unwilling""]",2024,dtag:maps/gss/gss_2024_map.csv#YEAR_SPECIFIC
334,viggrp,how willing r would have a group home for x,how willing r would have a group home for x,"[""definitely unwilling"", ""probably unwilling"", ""definitely willing"", ""probably willing""]",2024,dtag:maps/gss/gss_2024_map.csv#YEAR_SPECIFIC
335,vigmar,how willing r would have x marry in r's family,how willing r would have x marry in r's family,"[""definitely willing"", ""probably willing"", ""definitely unwilling"", ""probably unwilling""]",2024,dtag:maps/gss/gss_2024_map.csv#YEAR_SPECIFIC
336,hurtoth,how likely x violent toward other people,how likely x violent toward other people,"[""very likely"", ""not likely at all"", ""somewhat likely"", ""not very likely""]",2024,dtag:maps/gss/gss_2024_map.csv#YEAR_SPECIFIC
337,hurtself,how likely x violent toward oneself,how likely x violent toward oneself,"[""not very likely"", ""not likely at all"", ""very likely"", ""somewhat likely""]",2024,dtag:maps/gss/gss_2024_map.csv#YEAR_SPECIFIC
338,tlkfam,x should talk to family and friends,x should talk to family and friends,"[""no"", ""yes""]",2024,dtag:maps/gss/gss_2024_map.csv#YEAR_SPECIFIC
339,tlkclrgy,x should talk to religious leader,x should talk to religious leader,"[""no"", ""yes""]",2024,dtag:maps/gss/gss_2024_map.csv#YEAR_SPECIFIC
340,meddoc,x should go to general medical doctor for help,x should go to general medical doctor for help,"[""no"", ""yes""]",2024,dtag:maps/gss/gss_2024_map.csv#YEAR_SPECIFIC
341,mentldoc,x should go to psychiatrist for help,x should go to psychiatrist for help,"[""no"", ""yes""]",2024,dtag:maps/gss/gss_2024_map.csv#YEAR_SPECIFIC
342,mentloth,x should go to other mental health professional for help,x should go to other mental health professional for help,"[""no"", ""yes""]",2024,dtag:maps/gss/gss_2024_map.csv#YEAR_SPECIFIC
343,sphealer,x should go to spiritual healer for help,x should go to spiritual healer for help,"[""yes"", ""no""]",2024,dtag:maps/gss/gss_2024_map.csv#YEAR_SPECIFIC
344,selfhelp,x should join a self-group with similar problem,x should join a self-group with similar problem,"[""no"", ""yes""]",2024,dtag:maps/gss/gss_2024_map.csv#YEAR_SPECIFIC
345,otcmed,x should take non-prescription medication,x should take non-prescription medication,"[""yes"", ""no""]",2024,dtag:maps/gss/gss_2024_map.csv#YEAR_SPECIFIC
346,rxmed,x should take prescription medication,x should take prescription medication,"[""no"", ""yes""]",2024,dtag:maps/gss/gss_2024_map.csv#YEAR_SPECIFIC
347,mentlhos,x should check into a mental hospital,x should check into a mental hospital,"[""no"", ""yes""]",2024,dtag:maps/gss/gss_2024_map.csv#YEAR_SPECIFIC
348,dofirst,here are the things you said {#secl_name} should do... interviewer: read list,here are the things you said {#secl_name} should do... interviewer: read list,"[""talk to a minister, priest, rabbi or other religious leader"", ""go to a therapist, or counselor, like a psychologist, social worker, or other mental health professional for help"", ""join a self-help group where people with similar problems help each other"", ""go to a psychiatrist for help"", ""talk to family and friends about it"", ""check into a mental hospital"", ""go to a general medical doctor for help"", ""go to a spiritual or a natural healer for help""]",2024,dtag:maps/gss/gss_2024_map.csv#YEAR_SPECIFIC
349,mustdoc,x should be forced to be examined at a clinic by law,x should be forced to be examined at a clinic by law,"[""yes"", ""no""]",2024,dtag:maps/gss/gss_2024_map.csv#YEAR_SPECIFIC
350,mustmed,x should be forced to take prescribed medication by law,x should be forced to take prescribed medication by law,"[""yes"", ""no""]",2024,dtag:maps/gss/gss_2024_map.csv#YEAR_SPECIFIC
351,musthosp,x should be admitted to be hospitalized for treatment by law,x should be admitted to be hospitalized for treatment by law,"[""yes"", ""no""]",2024,dtag:maps/gss/gss_2024_map.csv#YEAR_SPECIFIC
352,dangrslf,x should be admitted to be hospitalized for treatment if dangerous to x,x should be admitted to be hospitalized for treatment if dangerous to x,"[""no"", ""yes""]",2024,dtag:maps/gss/gss_2024_map.csv#YEAR_SPECIFIC
353,dangroth,x should be admitted to be hospitalized for treatment if dangerous to others,x should be admitted to be hospitalized for treatment if dangerous to others,"[""no"", ""yes""]",2024,dtag:maps/gss/gss_2024_map.csv#YEAR_SPECIFIC
354,KNWMW1,,,"[""female"", ""male"", ""transgender ftm""]",,none
355,KNWMW2,,,"[""female"", ""male"", ""other"", ""transgender ftm""]",,none
356,KNWMW3,,,"[""male"", ""female"", ""transgender ftm"", ""other""]",,none
357,KNWMW4,,,"[""male"", ""female"", ""other""]",,none
358,KNWMW5,,,"[""male"", ""female""]",,none
359,MHP1R1,,,"[""parent"", ""relative of a friend"", ""sibling"", ""acquaintance"", ""grandparent"", ""other family"", ""neighbor"", ""spouse/partner (current/ex)"", ""friend"", ""child"", ""member of religious community"", ""coworker"", ""other"", ""friend of a relative"", ""student/classmate""]",,none
360,MHP1R2,,,"[""relative of a friend"", ""friend"", ""other"", ""acquaintance""]",,none
361,MHP2R1,,,"[""relative of a friend"", ""spouse/partner (current/ex)"", ""sibling"", ""acquaintance"", ""coworker"", ""friend"", ""child"", ""parent"", ""other family"", ""grandparent"", ""neighbor"", ""member of religious community"", ""student/classmate"", ""grandchild"", ""other"", ""friend of a relative""]",,none
362,MHP2R2,,,"[""student/classmate"", ""member of religious community"", ""other""]",,none
363,MHP3R1,,,"[""coworker"", ""child"", ""friend"", ""sibling"", ""parent"", ""grandparent"", ""other family"", ""spouse/partner (current/ex)"", ""member of religious community"", ""student/classmate"", ""neighbor"", ""other""]",,none
364,MHP3R2,,,"[""member of religious community"", ""student/classmate""]",,none
365,MHP4R1,,,"[""other family"", ""sibling"", ""friend"", ""coworker"", ""spouse/partner (current/ex)"", ""parent"", ""acquaintance"", ""child"", ""neighbor"", ""other"", ""grandparent"", ""member of religious community""]",,none
366,MHP4R2,,,"[""member of religious community"", ""friend""]",,none
367,MHP5R1,,,"[""neighbor"", ""other family"", ""friend"", ""sibling"", ""spouse/partner (current/ex)"", ""coworker"", ""acquaintance"", ""child"", ""member of religious community"", ""other"", ""friend of a relative"", ""grandchild""]",,none
368,CLOSETO1,,,"[""b"", ""d"", ""c"", ""e""]",,none
369,CLOSETO2,,,"[""d"", ""c"", ""b"", ""e""]",,none
370,CLOSETO3,,,"[""b"", ""d"", ""c"", ""e""]",,none
371,CLOSETO4,,,"[""b"", ""d"", ""c"", ""e""]",,none
372,CLOSETO5,,,"[""c"", ""b"", ""e"", ""d""]",,none
373,SEETALK1,,,"[""b"", ""d"", ""c"", ""e""]",,none
374,SEETALK2,,,"[""d"", ""b"", ""c"", ""e""]",,none
375,SEETALK3,,,"[""b"", ""d"", ""c"", ""e""]",,none
376,SEETALK4,,,"[""d"", ""b"", ""c"", ""e""]",,none
377,SEETALK5,,,"[""d"", ""c"", ""b"", ""e""]",,none
378,MHTREAT1,,,"[""unsure"", ""yes"", ""no""]",,none
379,MHTREAT2,,,"[""yes"", ""no"", ""unsure""]",,none
380,MHTREAT3,,,"[""yes"", ""unsure"", ""no""]",,none
381,MHTREAT4,,,"[""unsure"", ""yes"", ""no""]",,none
382,MHTREAT5,,,"[""yes"", ""no"", ""unsure""]",,none
383,MYPROBS1,,,"[""d"", ""c"", ""e""]",,none
384,MYPROBS2,,,"[""d"", ""c"", ""e""]",,none
385,MYPROBS3,,,"[""d"", ""c"", ""e""]",,none
386,MYPROBS4,,,"[""c"", ""e"", ""d""]",,none
387,MYPROBS5,,,"[""c"", ""e"", ""d""]",,none
388,SEVERE1,,,"[""b"", ""c"", ""d"", ""a"", ""e""]",,none
389,SEVERE2,,,"[""b"", ""d"", ""c"", ""e""]",,none
390,SEVERE3,,,"[""c"", ""b"", ""e"", ""d""]",,none
391,SEVERE4,,,"[""d"", ""c"", ""b"", ""e""]",,none
392,SEVERE5,,,"[""b"", ""c"", ""d"", ""e""]",,none
393,DANGOTH1,,,"[""d"", ""c"", ""e""]",,none
394,DANGOTH2,,,"[""c"", ""d"", ""e""]",,none
395,DANGOTH3,,,"[""d"", ""c"", ""e""]",,none
396,DANGOTH4,,,"[""d"", ""c"", ""e""]",,none
397,DANGOTH5,,,"[""c"", ""e"", ""d""]",,none
398,DANGSLF1,,,"[""d"", ""c"", ""b"", ""e""]",,none
399,DANGSLF2,,,"[""d"", ""c"", ""e""]",,none
400,DANGSLF3,,,"[""d"", ""c"", ""e""]",,none
401,DANGSLF4,,,"[""d"", ""c"", ""e""]",,none
402,DANGSLF5,,,"[""d"", ""c"", ""e""]",,none
403,fammhneg,r's family's negative attitudes about mh problems,r's family's negative attitudes about mh problems,"[""very much"", ""somewhat"", ""not at all"", ""not very much""]",2024,dtag:maps/gss/gss_2024_map.csv#YEAR_SPECIFIC
404,othmhneg,r's other acquaintences negative attitudes about mh problems,r's other acquaintences negative attitudes about mh problems,"[""very much"", ""not very much"", ""not at all"", ""somewhat""]",2024,dtag:maps/gss/gss_2024_map.csv#YEAR_SPECIFIC
405,diagnosd,r ever diagnosed with mh problem,r ever diagnosed with mh problem,"[""no"", ""yes""]",2024,dtag:maps/gss/gss_2024_map.csv#YEAR_SPECIFIC
406,mhtreatd,r ever treated for mh problem,r ever treated for mh problem,"[""no"", ""yes""]",2024,dtag:maps/gss/gss_2024_map.csv#YEAR_SPECIFIC
407,MCSDS1,,,"[""true"", ""false""]",,none
408,MCSDS2,,,"[""false"", ""true""]",,none
409,MCSDS3,,,"[""false"", ""true""]",,none
410,MCSDS4,,,"[""true"", ""false""]",,none
411,MCSDS5,,,"[""true"", ""false""]",,none
412,MCSDS6,,,"[""false"", ""true""]",,none
413,MCSDS7,,,"[""true"", ""false""]",,none
414,relpersn,r consider self a religious person,r consider self a religious person,"[""not religious"", ""modrte religious"", ""slight religious"", ""very religious""]",2022,dtag:maps/gss/gss_2022_map.csv#YEAR_SPECIFIC
415,sprtprsn,r consider self a spiritual person,r consider self a spiritual person,"[""not spiritual"", ""slight spiritual"", ""modeate spirtual"", ""very spiritual""]",2022,dtag:maps/gss/gss_2022_map.csv#YEAR_SPECIFIC
416,othlang,can r speak language other than english/spanish,can r speak language other than english/spanish,"[""no"", ""yes""]",2022,dtag:maps/gss/gss_2022_map.csv#YEAR_SPECIFIC
417,OTHLANG1,what other languages does r speak,what other languages does r speak,"[""portuguese"", ""italian"", ""chinese"", ""tagalog"", ""thai"", ""serbian"", ""japanese"", ""slovak"", ""hungarian"", ""romanian"", ""urdu"", ""english"", ""swahili"", ""german"", ""french"", ""bengali"", ""hindi"", ""spanish"", ""russian"", ""greek"", ""arabic"", ""hebrew"", ""yoruba"", ""telugu"", ""sign language"", ""creole"", ""armenian"", ""indian"", ""ashanti"", ""korean"", ""latin"", ""ukranian"", ""amharic"", ""dutch"", ""nepali"", ""vietnamese"", ""tamil"", ""twi"", ""irish"", ""farsi-persian"", ""kaien"", ""hmong"", ""paiute"", ""igbo"", ""inupiaq"", ""jamaican"", ""kiche"", ""shawnee"", ""burmese"", ""chuj"", ""dakota"", ""polish"", ""zuni""]",2024,dtag:maps/gss/gss_2024_map.csv#YEAR_SPECIFIC
418,OTHLANG2,what other languages does r speak,what other languages does r speak,"[""spanish"", ""hindi"", ""japanese"", ""german"", ""french"", ""sign language"", ""hebrew"", ""arabic"", ""pashtu"", ""chinese"", ""italian"", ""romanian"", ""gujarati"", ""hungarian"", ""serbian"", ""malaysian"", ""ukranian"", ""portuguese"", ""swahili"", ""english"", ""turkish"", ""kannada"", ""tagalog"", ""oremagna"", ""marathi"", ""swedish"", ""vietnamese"", ""slovak"", ""sanskrit"", ""creole"", ""russian"", ""bicol"", ""burmese"", ""aramaic"", ""patois"", ""dari"", ""navajo"", ""latin""]",2024,dtag:maps/gss/gss_2024_map.csv#YEAR_SPECIFIC
419,spklang,how well does r speak other language,how well does r speak other language,"[""very well"", ""well"", ""not well"", ""poorly/hardly at all""]",2022,dtag:maps/gss/gss_2022_map.csv#YEAR_SPECIFIC
420,betrlang,which language r speaks more fluent,which language r speaks more fluent,"[""language 2"", ""language 1""]",2021,dtag:maps/gss/gss_2021_map.csv#DONOR_MAP
421,compuse,r use computer,r use computer,"[""no"", ""yes""]",2022,dtag:maps/gss/gss_2022_map.csv#YEAR_SPECIFIC
422,webmob,r uses home internet through mobile device,r uses home internet through mobile device,"[""no"", ""yes""]",2024,dtag:maps/gss/gss_2024_map.csv#YEAR_SPECIFIC
423,emailmin,email minutes per week,email minutes per week,"[""d"", ""e"", ""c""]",2021,dtag:maps/gss/gss_2021_map.csv#DONOR_MAP
424,emailhr,email hours per week,email hours per week,"[""e"", ""c"", ""d""]",2021,dtag:maps/gss/gss_2021_map.csv#DONOR_MAP
425,usewww,r use www other than email,r use www other than email,"[""no"", ""yes""]",2021,dtag:maps/gss/gss_2021_map.csv#DONOR_MAP
426,wwwhr,www hours per week,www hours per week,"[""d"", ""e"", ""c""]",2022,dtag:maps/gss/gss_2022_map.csv#YEAR_SPECIFIC
427,wwwmin,www minutes per week,www minutes per week,"[""d"", ""e"", ""c""]",2021,dtag:maps/gss/gss_2021_map.csv#DONOR_MAP
428,huclean,,,"[""not very clean"", ""interviewer never saw the interior of the respondent's hu"", ""dirty"", ""very clean"", ""so-so"", ""clean""]",,none
429,wrktype,work arrangement at main job,work arrangement at main job,"[""on-call, work only when called to work"", ""paid by a temporary agency"", ""independent contractor/consultant/freelance worker"", ""work for contractor who provides workers/services"", ""regular, permanent employee""]",2022,dtag:maps/gss/gss_2022_map.csv#YEAR_SPECIFIC
430,yearsjob,time at current job,time at current job,"[""e"", ""d"", ""c""]",2022,dtag:maps/gss/gss_2022_map.csv#YEAR_SPECIFIC
431,waypaid,how paid in main job,how paid in main job,"[""e"", ""c""]",2022,dtag:maps/gss/gss_2022_map.csv#YEAR_SPECIFIC
432,wrksched,usual work schedule,usual work schedule,"[""rotating shifts"", ""irregular shift/on-call"", ""split shift"", ""afternoon shift"", ""night shift"", ""day shift""]",2022,dtag:maps/gss/gss_2022_map.csv#YEAR_SPECIFIC
433,moredays,days per month r work extra hours,days per month r work extra hours,"[""d"", ""e"", ""c""]",2022,dtag:maps/gss/gss_2022_map.csv#YEAR_SPECIFIC
434,mustwork,mandatory to work extra hours,mandatory to work extra hours,"[""yes"", ""no""]",2022,dtag:maps/gss/gss_2022_map.csv#YEAR_SPECIFIC
435,wrkhome,how often r works at home,how often r works at home,"[""about once a month"", ""more than once a week"", ""worker works mainly at home"", ""about once a week"", ""never"", ""a few times a year""]",2022,dtag:maps/gss/gss_2022_map.csv#YEAR_SPECIFIC
436,whywkhme,usual reason r work at home,usual reason r work at home,"[""worker has to work at home to keep up with job"", ""other combinations and other reasons"", ""worker is operating home-based business"", ""worker wants to work at home""]",2022,dtag:maps/gss/gss_2022_map.csv#YEAR_SPECIFIC
437,famwkoff,how hard to take time off,how hard to take time off,"[""very hard"", ""not too hard"", ""not at all hard"", ""somewhat hard""]",2022,dtag:maps/gss/gss_2022_map.csv#YEAR_SPECIFIC
438,wkvsfam,how often job interferes fam life,how often job interferes fam life,"[""often"", ""never"", ""sometimes"", ""rarely""]",2022,dtag:maps/gss/gss_2022_map.csv#YEAR_SPECIFIC
439,famvswk,how often fam life interfere job,how often fam life interfere job,"[""often"", ""never"", ""sometimes"", ""rarely""]",2022,dtag:maps/gss/gss_2022_map.csv#YEAR_SPECIFIC
440,hrsrelax,hours per day r have to relax,hours per day r have to relax,"[""e"", ""b"", ""d"", ""c""]",2022,dtag:maps/gss/gss_2022_map.csv#YEAR_SPECIFIC
441,secondwk,r has job other than main,r has job other than main,"[""yes"", ""no""]",2022,dtag:maps/gss/gss_2022_map.csv#YEAR_SPECIFIC
442,learnnew,job requires r to learn new things,job requires r to learn new things,"[""strongly disagree"", ""agree"", ""strongly agree"", ""disagree""]",2022,dtag:maps/gss/gss_2022_map.csv#YEAR_SPECIFIC
443,workfast,job requires r to work fast,job requires r to work fast,"[""strongly disagree"", ""agree"", ""strongly agree"", ""disagree""]",2022,dtag:maps/gss/gss_2022_map.csv#YEAR_SPECIFIC
444,workdiff,r does numerous things on job,r does numerous things on job,"[""strongly disagree"", ""agree"", ""strongly agree"", ""disagree""]",2022,dtag:maps/gss/gss_2022_map.csv#YEAR_SPECIFIC
445,overwork,r has too much work to do well,r has too much work to do well,"[""strongly disagree"", ""strongly agree"", ""agree"", ""disagree""]",2022,dtag:maps/gss/gss_2022_map.csv#YEAR_SPECIFIC
446,knowwhat,r knows what's expected on job,r knows what's expected on job,"[""strongly disagree"", ""agree"", ""strongly agree"", ""disagree""]",2022,dtag:maps/gss/gss_2022_map.csv#YEAR_SPECIFIC
447,myskills,job allows r use of skills,job allows r use of skills,"[""strongly disagree"", ""agree"", ""strongly agree"", ""disagree""]",2022,dtag:maps/gss/gss_2022_map.csv#YEAR_SPECIFIC
448,respect,r treated with respect at work,r treated with respect at work,"[""strongly disagree"", ""agree"", ""strongly agree"", ""disagree""]",2022,dtag:maps/gss/gss_2022_map.csv#YEAR_SPECIFIC
449,trustman,r trust management at work,r trust management at work,"[""strongly disagree"", ""strongly agree"", ""agree"", ""disagree""]",2022,dtag:maps/gss/gss_2022_map.csv#YEAR_SPECIFIC
450,safetywk,worker safety priority at work,worker safety priority at work,"[""strongly disagree"", ""agree"", ""strongly agree"", ""disagree""]",2022,dtag:maps/gss/gss_2022_map.csv#YEAR_SPECIFIC
451,safefrst,no shortcuts on worker safety,no shortcuts on worker safety,"[""agree"", ""strongly agree"", ""disagree"", ""strongly disagree""]",2022,dtag:maps/gss/gss_2022_map.csv#YEAR_SPECIFIC
452,teamsafe,mgt and employees work together re safety,mgt and employees work together re safety,"[""agree"", ""strongly agree"", ""disagree"", ""strongly disagree""]",2022,dtag:maps/gss/gss_2022_map.csv#YEAR_SPECIFIC
453,safehlth,safety and health condition good at work,safety and health condition good at work,"[""agree"", ""strongly agree"", ""disagree"", ""strongly disagree""]",2022,dtag:maps/gss/gss_2022_map.csv#YEAR_SPECIFIC
454,proudemp,r proud to work for employer,r proud to work for employer,"[""agree"", ""strongly agree"", ""disagree"", ""strongly disagree""]",2022,dtag:maps/gss/gss_2022_map.csv#YEAR_SPECIFIC
455,prodctiv,work conditions allow productivity,work conditions allow productivity,"[""strongly agree"", ""agree"", ""disagree"", ""strongly disagree""]",2022,dtag:maps/gss/gss_2022_map.csv#YEAR_SPECIFIC
456,wksmooth,workplace runs in smooth manner,workplace runs in smooth manner,"[""strongly disagree"", ""strongly agree"", ""agree"", ""disagree""]",2022,dtag:maps/gss/gss_2022_map.csv#YEAR_SPECIFIC
457,trdunion,workers need strong unions,workers need strong unions,"[""strongly agree"", ""strongly disagree"", ""agree"", ""disagree""]",2022,dtag:maps/gss/gss_2022_map.csv#YEAR_SPECIFIC
458,partteam,r work as part of a team,r work as part of a team,"[""no, i work mostly on my own"", ""yes, i work as part of a team""]",2022,dtag:maps/gss/gss_2022_map.csv#YEAR_SPECIFIC
459,wkdecide,how often r take part in decisions,how often r take part in decisions,"[""never"", ""often"", ""rarely"", ""sometimes""]",2022,dtag:maps/gss/gss_2022_map.csv#YEAR_SPECIFIC
460,toofewwk,how often not enough staff,how often not enough staff,"[""never"", ""rarely"", ""sometimes"", ""often""]",2022,dtag:maps/gss/gss_2022_map.csv#YEAR_SPECIFIC
461,promteok,r's chances for promotion good,r's chances for promotion good,"[""not too true"", ""not at all true"", ""somewhat true"", ""very true""]",2022,dtag:maps/gss/gss_2022_map.csv#YEAR_SPECIFIC
462,opdevel,opportunity to develop my abilities,opportunity to develop my abilities,"[""not too true"", ""not at all true"", ""somewhat true"", ""very true""]",2022,dtag:maps/gss/gss_2022_map.csv#YEAR_SPECIFIC
463,hlpequip,enough help and equip to ge the job done,enough help and equip to ge the job done,"[""not too true"", ""not at all true"", ""somewhat true"", ""very true""]",2022,dtag:maps/gss/gss_2022_map.csv#YEAR_SPECIFIC
464,haveinfo,enough info to get the job done,enough info to get the job done,"[""not too true"", ""not at all true"", ""somewhat true"", ""very true""]",2022,dtag:maps/gss/gss_2022_map.csv#YEAR_SPECIFIC
465,wkfreedm,a lot of freedom to decide how to do job,a lot of freedom to decide how to do job,"[""not at all true"", ""not too true"", ""somewhat true"", ""very true""]",2022,dtag:maps/gss/gss_2022_map.csv#YEAR_SPECIFIC
466,fringeok,fringe benefits are good,fringe benefits are good,"[""not at all true"", ""not too true"", ""somewhat true"", ""very true""]",2022,dtag:maps/gss/gss_2022_map.csv#YEAR_SPECIFIC
467,supcares,supervisor concerned about welfare,supervisor concerned about welfare,"[""not too true"", ""not at all true"", ""somewhat true"", ""very true""]",2022,dtag:maps/gss/gss_2022_map.csv#YEAR_SPECIFIC
468,condemnd,r free from conflicting demands,r free from conflicting demands,"[""not too true"", ""somewhat true"", ""not at all true"", ""very true""]",2022,dtag:maps/gss/gss_2022_map.csv#YEAR_SPECIFIC
469,promtefr,promotions are handled fairly,promotions are handled fairly,"[""not at all true"", ""not too true"", ""somewhat true"", ""very true""]",2022,dtag:maps/gss/gss_2022_map.csv#YEAR_SPECIFIC
470,cowrkint,coworkers take a personal interest in r,coworkers take a personal interest in r,"[""not at all true"", ""not too true"", ""somewhat true"", ""very true""]",2022,dtag:maps/gss/gss_2022_map.csv#YEAR_SPECIFIC
471,jobsecok,the job security is good,the job security is good,"[""not too true"", ""not at all true"", ""somewhat true"", ""very true""]",2022,dtag:maps/gss/gss_2022_map.csv#YEAR_SPECIFIC
472,suphelp,supervisor helpful to r in getting job done,supervisor helpful to r in getting job done,"[""not at all true"", ""not too true"", ""somewhat true"", ""very true""]",2022,dtag:maps/gss/gss_2022_map.csv#YEAR_SPECIFIC
473,wrktime,r has enough time to get the job done,r has enough time to get the job done,"[""somewhat true"", ""not too true"", ""not at all true"", ""very true""]",2022,dtag:maps/gss/gss_2022_map.csv#YEAR_SPECIFIC
474,cowrkhlp,coworkers can be relied on when r needs help,coworkers can be relied on when r needs help,"[""not at all true"", ""not too true"", ""somewhat true"", ""very true""]",2022,dtag:maps/gss/gss_2022_map.csv#YEAR_SPECIFIC
475,manvsemp,relations bw management and employees,relations bw management and employees,"[""quite bad"", ""neither good nor bad"", ""quite good"", ""very good"", ""very bad""]",2022,dtag:maps/gss/gss_2022_map.csv#YEAR_SPECIFIC
476,hvylift,r do repeated lifting,r do repeated lifting,"[""yes"", ""no""]",2022,dtag:maps/gss/gss_2022_map.csv#YEAR_SPECIFIC
477,handmove,r perform forceful hand movements,r perform forceful hand movements,"[""yes"", ""no""]",2022,dtag:maps/gss/gss_2022_map.csv#YEAR_SPECIFIC
478,wkpraise,r is likely to be praised by supervisor,r is likely to be praised by supervisor,"[""no"", ""yes"", ""maybe""]",2022,dtag:maps/gss/gss_2022_map.csv#YEAR_SPECIFIC
479,fairearn,how fair is what r earn on the job,how fair is what r earn on the job,"[""much more than you deserve"", ""about as much as you deserve"", ""much less than you deserve"", ""somewhat more than you deserve"", ""somewhat less than you deserve""]",2022,dtag:maps/gss/gss_2022_map.csv#YEAR_SPECIFIC
480,rincblls,income alone is enough,income alone is enough,"[""no"", ""yes""]",2022,dtag:maps/gss/gss_2022_map.csv#YEAR_SPECIFIC
481,laidoff,r was laid off main job last year,r was laid off main job last year,"[""yes"", ""no""]",2022,dtag:maps/gss/gss_2022_map.csv#YEAR_SPECIFIC
482,JOBFIND1,how easy for r to find a same job,how easy for r to find a same job,"[""not easy at all to find similar job"", ""somewhat easy to find similar job"", ""very easy to find similar job""]",2022,dtag:maps/gss/gss_2022_map.csv#YEAR_SPECIFIC
483,trynewjb,how likely r make effort for new job next year,how likely r make effort for new job next year,"[""very likely"", ""not at all likely"", ""somewhat likely""]",2022,dtag:maps/gss/gss_2022_map.csv#YEAR_SPECIFIC
484,wkageism,r feels discriminated because of age,r feels discriminated because of age,"[""yes"", ""no""]",2022,dtag:maps/gss/gss_2022_map.csv#YEAR_SPECIFIC
485,wkracism,r feels discriminated because of race,r feels discriminated because of race,"[""yes"", ""no""]",2022,dtag:maps/gss/gss_2022_map.csv#YEAR_SPECIFIC
486,wksexism,r feels discriminated because of gender,r feels discriminated because of gender,"[""yes"", ""no""]",2022,dtag:maps/gss/gss_2022_map.csv#YEAR_SPECIFIC
487,wkharsex,r sexually harassed on the job last 12 months,r sexually harassed on the job last 12 months,"[""yes"", ""no""]",2022,dtag:maps/gss/gss_2022_map.csv#YEAR_SPECIFIC
488,wkharoth,r threatened on the job last 12 months,r threatened on the job last 12 months,"[""yes"", ""no""]",2022,dtag:maps/gss/gss_2022_map.csv#YEAR_SPECIFIC
489,HEALTH1,r's health in general,r's health in general,"[""fair"", ""poor"", ""excellent"", ""very good"", ""good""]",2022,dtag:maps/gss/gss_2022_map.csv#YEAR_SPECIFIC
490,physhlth,days of poor physical health past 30 days,days of poor physical health past 30 days,"[""d"", ""e"", ""c""]",2022,dtag:maps/gss/gss_2022_map.csv#YEAR_SPECIFIC
491,mntlhlth,days of poor mental health past 30 days,days of poor mental health past 30 days,"[""d"", ""c"", ""e""]",2022,dtag:maps/gss/gss_2022_map.csv#YEAR_SPECIFIC
492,hlthdays,days of activity limitation past 30 days,days of activity limitation past 30 days,"[""d"", ""e"", ""c""]",2022,dtag:maps/gss/gss_2022_map.csv#YEAR_SPECIFIC
493,usedup,how often during past month r felt used up,how often during past month r felt used up,"[""never"", ""very often"", ""often"", ""rarely"", ""sometimes""]",2022,dtag:maps/gss/gss_2022_map.csv#YEAR_SPECIFIC
494,backpain,r had back pain in the past 12 months,r had back pain in the past 12 months,"[""yes"", ""no""]",2022,dtag:maps/gss/gss_2022_map.csv#YEAR_SPECIFIC
495,painarms,r had pain in the arms in the past 12 months,r had pain in the arms in the past 12 months,"[""yes"", ""no""]",2022,dtag:maps/gss/gss_2022_map.csv#YEAR_SPECIFIC
496,hurtatwk,number of injuries on the job past 12 months,number of injuries on the job past 12 months,"[""e"", ""c""]",2022,dtag:maps/gss/gss_2022_map.csv#YEAR_SPECIFIC
497,spvtrfair,supervisor is fair,supervisor is fair,"[""not at all true"", ""not too true"", ""somewhat true"", ""very true""]",2022,dtag:maps/gss/gss_2022_map.csv#YEAR_SPECIFIC
498,strredpg,access to stress management,access to stress management,"[""yes"", ""no""]",2022,dtag:maps/gss/gss_2022_map.csv#YEAR_SPECIFIC
499,phyeffrt,rate physical effort,rate physical effort,"[""fairly light"", ""hard"", ""very hard"", ""somewhat hard"", ""very light""]",2022,dtag:maps/gss/gss_2022_map.csv#YEAR_SPECIFIC
500,slpprblm,trouble sleeping last 12 months,trouble sleeping last 12 months,"[""never"", ""often"", ""rarely"", ""sometimes""]",2022,dtag:maps/gss/gss_2022_map.csv#YEAR_SPECIFIC
501,SATJOB1,job satisfaction in general,job satisfaction in general,"[""not too satisfied"", ""very satisfied"", ""not at all satisfied"", ""somewhat satisfied""]",2022,dtag:maps/gss/gss_2022_map.csv#YEAR_SPECIFIC
502,knowschd,,,"[""one week or less"", ""between 1 and 2 weeks"", ""between 3 and 4 weeks"", ""4 weeks or more""]",,none
503,usetech,percentage of time use tech,percentage of time use tech,"[""e"", ""b"", ""c"", ""d""]",2022,dtag:maps/gss/gss_2022_map.csv#YEAR_SPECIFIC
504,STRESS12,stress management program last 12 months,stress management program last 12 months,"[""yes"", ""no""]",2022,dtag:maps/gss/gss_2022_map.csv#YEAR_SPECIFIC
505,hyperten,told have hypertension or high blood pressure,told have hypertension or high blood pressure,"[""no"", ""yes""]",2022,dtag:maps/gss/gss_2022_map.csv#YEAR_SPECIFIC
506,arthrtis,told have arthritis or rheumatism,told have arthritis or rheumatism,"[""yes"", ""no""]",2022,dtag:maps/gss/gss_2022_map.csv#YEAR_SPECIFIC
507,diabetes,told have diabetes,told have diabetes,"[""yes"", ""no""]",2022,dtag:maps/gss/gss_2022_map.csv#YEAR_SPECIFIC
508,depress,told have depression,told have depression,"[""yes"", ""no""]",2022,dtag:maps/gss/gss_2022_map.csv#YEAR_SPECIFIC
509,weight,r weighs how much,r weighs how much,"[""e"", ""b"", ""c"", ""d"", ""a""]",2022,dtag:maps/gss/gss_2022_map.csv#YEAR_SPECIFIC
510,height,r is how tall,r is how tall,"[""b"", ""e"", ""c"", ""a"", ""d""]",2022,dtag:maps/gss/gss_2022_map.csv#YEAR_SPECIFIC
511,ntwkhard,past week not work hard enough,past week not work hard enough,"[""e"", ""d"", ""c""]",2022,dtag:maps/gss/gss_2022_map.csv#YEAR_SPECIFIC
512,misswork,miss work for health past 30 days,miss work for health past 30 days,"[""e"", ""d"", ""c""]",2022,dtag:maps/gss/gss_2022_map.csv#YEAR_SPECIFIC
513,lifenow,r's rating of life overall now from 0-10,r's rating of life overall now from 0-10,"[""b"", ""e"", ""d"", ""a"", ""c""]",2022,dtag:maps/gss/gss_2022_map.csv#YEAR_SPECIFIC
514,LIFEIN5,r's rating of life overall in five years from 0-10,r's rating of life overall in five years from 0-10,"[""b"", ""e"", ""a"", ""d"", ""c""]",2022,dtag:maps/gss/gss_2022_map.csv#YEAR_SPECIFIC
515,disrspct,r is treated with less courtesy or respect than others,r is treated with less courtesy or respect than others,"[""at least once a week"", ""a few times a year"", ""never"", ""almost every day"", ""less than once a year"", ""a few times a month""]",2024,dtag:maps/gss/gss_2024_map.csv#YEAR_SPECIFIC
516,poorserv,r recieves poorer service in restaurants or stores,r recieves poorer service in restaurants or stores,"[""at least once a week"", ""almost every day"", ""never"", ""a few times a year"", ""less than once a year"", ""a few times a month""]",2024,dtag:maps/gss/gss_2024_map.csv#YEAR_SPECIFIC
517,notsmart,people act as if they think r is not smart,people act as if they think r is not smart,"[""almost every day"", ""at least once a week"", ""a few times a month"", ""less than once a year"", ""a few times a year"", ""never""]",2024,dtag:maps/gss/gss_2024_map.csv#YEAR_SPECIFIC
518,afraidof,people act as if they are afraid of r,people act as if they are afraid of r,"[""at least once a week"", ""a few times a year"", ""almost every day"", ""less than once a year"", ""a few times a month"", ""never""]",2024,dtag:maps/gss/gss_2024_map.csv#YEAR_SPECIFIC
519,threaten,r is threatened or harassed,r is threatened or harassed,"[""at least once a week"", ""a few times a month"", ""less than once a year"", ""a few times a year"", ""never"", ""almost every day""]",2024,dtag:maps/gss/gss_2024_map.csv#YEAR_SPECIFIC
520,quallife,,,"[""poor"", ""fair"", ""very good"", ""excellent"", ""good""]",,none
521,hlthphys,,,"[""poor"", ""fair"", ""very good"", ""excellent"", ""good""]",,none
522,hlthmntl,,,"[""poor"", ""fair"", ""good"", ""excellent"", ""very good""]",,none
523,satsoc,,,"[""poor"", ""fair"", ""excellent"", ""very good"", ""good""]",,none
524,actssoc,,,"[""fair"", ""good"", ""excellent"", ""very good"", ""poor""]",,none
525,physacts,,,"[""moderately"", ""mostly"", ""a little"", ""not at all"", ""completely""]",,none
526,emoprobs,,,"[""e"", ""b"", ""d"", ""c""]",,none
527,fatigue,,,"[""none"", ""severe"", ""moderate"", ""mild"", ""very severe""]",,none
528,ratepain,,,"[""d"", ""e"", ""b"", ""c""]",,none
529,abfelegl,,,"[""should not"", ""it depends"", ""should""]",,none
530,abmelegl,,,"[""should not"", ""should"", ""it depends""]",,none
531,abmoral,r has a moral opposition to abortion,r has a moral opposition to abortion,"[""not morally opposed"", ""it depends"", ""morally opposed""]",2022,dtag:maps/gss/gss_2022_map.csv#YEAR_SPECIFIC
532,ABSTATE1,,,"[""hard"", ""very hard"", ""easy"", ""very easy"", ""neither easy nor hard""]",,none
533,ABSTATE2,,,"[""make it easier"", ""stay the same as now"", ""make it harder""]",,none
534,ABHELP1,r would help with arrangements for abortion,r would help with arrangements for abortion,"[""no"", ""yes""]",2022,dtag:maps/gss/gss_2022_map.csv#YEAR_SPECIFIC
535,ABHELP2,r would help with paying for abortion,r would help with paying for abortion,"[""no"", ""yes""]",2022,dtag:maps/gss/gss_2022_map.csv#YEAR_SPECIFIC
536,ABHELP3,r would help with paying for abortion-related other costs,r would help with paying for abortion-related other costs,"[""no"", ""yes""]",2022,dtag:maps/gss/gss_2022_map.csv#YEAR_SPECIFIC
537,ABHELP4,r would help with emotional support for abortion,r would help with emotional support for abortion,"[""no"", ""yes""]",2022,dtag:maps/gss/gss_2022_map.csv#YEAR_SPECIFIC
538,ABMEDGOV1,,,"[""a woman and her medical professional should decide"", ""the government should decide""]",,none
539,ABMEDGOV2,,,"[""the government should decide"", ""a woman and her medical professional should decide""]",,none
540,abinspay,,,"[""people should not be able"", ""people should be able""]",,none
541,natnotice,,,"[""somewhat disagree"", ""strongly agree"", ""somewhat agree"", ""strongly disagree""]",,none
542,natviews,,,"[""strongly disagree"", ""somewhat disagree"", ""strongly agree"", ""somewhat agree""]",,none
543,nataccess,,,"[""somewhat disagree"", ""strongly agree"", ""somewhat agree"", ""strongly disagree""]",,none
544,nattime,,,"[""somewhat disagree"", ""strongly disagree"", ""strongly agree"", ""somewhat agree""]",,none
545,natsat,,,"[""somewhat disagree"", ""strongly disagree"", ""strongly agree"", ""somewhat agree""]",,none
546,natrelax,,,"[""strongly agree"", ""somewhat agree"", ""somewhat disagree"", ""strongly disagree""]",,none
547,natactive,,,"[""strongly agree"", ""somewhat agree"", ""strongly disagree""]",,none
548,natmeet,,,"[""somewhat disagree"", ""strongly agree"", ""somewhat agree"", ""strongly disagree""]",,none
549,nattimeok,,,"[""strongly agree"", ""somewhat disagree"", ""strongly disagree"", ""somewhat agree""]",,none
550,natlack,,,"[""strongly agree"", ""somewhat disagree"", ""strongly disagree"", ""somewhat agree""]",,none
551,numpets,,,"[""c"", ""e"", ""d""]",,none
552,whynopet,,,"[""too expensive"", ""residential restrictions"", ""pet died"", ""allergies (own or another household member)"", ""no interest"", ""other"", ""too much time or work to care for pet"", ""health risks"", ""away too much, travelling, working, or both""]",,none
553,PETB4,,,"[""no"", ""yes""]",,none
554,dog,,,"[""has"", ""does not have""]",,none
555,cat,,,"[""does not have"", ""has""]",,none
556,smammal,,,"[""has"", ""does not have""]",,none
557,bird,,,"[""has"", ""does not have""]",,none
558,fish,,,"[""has"", ""does not have""]",,none
559,reptile,,,"[""has"", ""does not have""]",,none
560,horse,,,"[""has"", ""does not have""]",,none
561,pig,,,"[""does not have"", ""has""]",,none
562,goat,,,"[""does not have"", ""has""]",,none
563,othpet,,,"[""has"", ""does not have""]",,none
564,petplay,,,"[""often"", ""almost always"", ""never"", ""sometimes""]",,none
565,petcmfrt,,,"[""sometimes"", ""almost always"", ""never"", ""often""]",,none
566,petfam,,,"[""never"", ""sometimes"", ""often"", ""almost always""]",,none
567,DOGB4,,,"[""did not have"", ""had""]",,none
568,CATB4,,,"[""had"", ""did not have""]",,none
569,SMAMMALB4,,,"[""did not have"", ""had""]",,none
570,BIRDB4,,,"[""did not have"", ""had""]",,none
571,FISHB4,,,"[""had"", ""did not have""]",,none
572,REPTILEB4,,,"[""had"", ""did not have""]",,none
573,HORSEB4,,,"[""did not have"", ""had""]",,none
574,OTHPETB4,,,"[""did not have"", ""had""]",,none
575,PETB4PLY,,,"[""never"", ""often"", ""sometimes"", ""almost always""]",,none
576,PETB4CMFRT,,,"[""sometimes"", ""almost always"", ""never"", ""often""]",,none
577,PETB4FAM,,,"[""often"", ""never"", ""almost always"", ""sometimes""]",,none
578,WORKFOR1,r work for whom,r work for whom,"[""government or government agency"", ""non-profit or not-for-profit organization"", ""for-profit company""]",2022,dtag:maps/gss/gss_2022_map.csv#YEAR_SPECIFIC
579,ownstock,r has stock in r's company,r has stock in r's company,"[""no, i work for a company that does not have stock"", ""yes"", ""i do not know if i own stock in my company"", ""no, i do not own and do not know if my company has stock"", ""no, my company has stock but i do not own any""]",2022,dtag:maps/gss/gss_2022_map.csv#YEAR_SPECIFIC
580,stockval,,,"[""d"", ""c"", ""e""]",,none
581,stockops,r hold any stock options of r's company,r hold any stock options of r's company,"[""yes"", ""no""]",2022,dtag:maps/gss/gss_2022_map.csv#YEAR_SPECIFIC
582,extrapay,eligible for performance based pay,eligible for performance based pay,"[""no"", ""yes""]",2022,dtag:maps/gss/gss_2022_map.csv#YEAR_SPECIFIC
583,compperf,size of perf based pay depend on profits,size of perf based pay depend on profits,"[""yes"", ""no""]",2022,dtag:maps/gss/gss_2022_map.csv#YEAR_SPECIFIC
584,deptperf,size of perf based pay depend on workgroup,size of perf based pay depend on workgroup,"[""yes"", ""no""]",2022,dtag:maps/gss/gss_2022_map.csv#YEAR_SPECIFIC
585,indperf,size of perf based pay depend on individual,size of perf based pay depend on individual,"[""no"", ""yes""]",2022,dtag:maps/gss/gss_2022_map.csv#YEAR_SPECIFIC
586,EXTR2017,,,"[""no"", ""yes""]",,none
587,extraval,,,"[""c"", ""e"", ""d""]",,none
588,extrayr,year of the most recent perf based payments,year of the most recent perf based payments,"[""e"", ""c"", ""a"", ""b""]",2022,dtag:maps/gss/gss_2022_map.csv#YEAR_SPECIFIC
589,yearval,,,"[""c"", ""e"", ""d""]",,none
590,numemps,"if self employed, number of other employees","if self employed, number of other employees","[""d"", ""c"", ""e""]",2024,dtag:maps/gss/gss_2024_map.csv#YEAR_SPECIFIC
591,wrkslffam,does r work in family business or farm,does r work in family business or farm,"[""yes"", ""no""]",2024,dtag:maps/gss/gss_2024_map.csv#YEAR_SPECIFIC
592,newsfrom,,,"[""government agencies"", ""family"", ""friends colleagues"", ""newspapers"", ""tv"", ""radio"", ""the internet"", ""magazines"", ""books other printed material"", ""other""]",,none
593,scifrom,,,"[""friends colleagues"", ""government agencies"", ""family"", ""radio"", ""magazines"", ""tv"", ""newspapers"", ""books other printed material"", ""the internet"", ""other""]",,none
594,seeksci,,,"[""friends colleagues"", ""government agencies"", ""radio"", ""magazines"", ""newspapers"", ""books other printed material"", ""tv"", ""the internet"", ""family"", ""library""]",,none
595,nextgen,science & tech. give more opportunities to next generation,science & tech. give more opportunities to next generation,"[""strongly disagree"", ""agree"", ""strongly agree"", ""disagree""]",2022,dtag:maps/gss/gss_2022_map.csv#YEAR_SPECIFIC
596,toofast,science makes our way of life change too fast,science makes our way of life change too fast,"[""strongly disagree"", ""strongly agree"", ""agree"", ""disagree""]",2022,dtag:maps/gss/gss_2022_map.csv#YEAR_SPECIFIC
597,advfront,sci rsch is necessary and should be supported by federal govt,sci rsch is necessary and should be supported by federal govt,"[""strongly disagree"", ""agree"", ""strongly agree"", ""disagree""]",2022,dtag:maps/gss/gss_2022_map.csv#YEAR_SPECIFIC
598,astrolgy,,,"[""yes"", ""no""]",,none
599,astrosci,,,"[""very scientific"", ""sort of scientific"", ""not at all scientific""]",,none
600,scibnfts,,,"[""about equal if volunteered"", ""benefits greater"", ""harmful results greater""]",,none
601,balpos,,,"[""slightly in favor"", ""strongly in favor""]",,none
602,balneg,,,"[""slightly in favor"", ""strongly in favor""]",,none
603,scistudy,,,"[""clear understanding"", ""general sense"", ""little understanding""]",,none
604,scitext,,,"[""redundancies incorrect"", ""do experiments control group"", ""rigorous systematic comparison"", ""formulation of theories test hypotheses"", ""measurement"", ""classification""]",,none
605,expdesgn,,,"[""500 get the drug 500 dont"", ""all 1000 get the drug""]",,none
606,exptext,,,"[""no answer"", ""wrong reservations about control group"", ""correct vague reason"", ""wrong don t know"", ""correct don t know"", ""wrong other reason"", ""wrong reservations about sample"", ""correct control group"", ""correct wrong reason""]",,none
607,ODDS1,,,"[""yes"", ""no""]",,none
608,ODDS2,,,"[""no"", ""yes""]",,none
609,hotcore,,,"[""false"", ""true""]",,none
610,radioact,,,"[""true"", ""false""]",,none
611,boyorgrl,,,"[""false"", ""true""]",,none
612,lasers,,,"[""true"", ""false""]",,none
613,electron,,,"[""false"", ""true""]",,none
614,viruses,,,"[""false"", ""true""]",,none
615,bigbang,,,"[""true"", ""false""]",,none
616,BIGBANG1,,,"[""false"", ""true""]",,none
617,BIGBANG2,,,"[""false"", ""true""]",,none
618,condrift,,,"[""false"", ""true""]",,none
619,evolved,,,"[""true"", ""false""]",,none
620,EVOLVED2,,,"[""false"", ""true""]",,none
621,earthsun,,,"[""sun around earth"", ""earth around sun""]",,none
622,solarrev,,,"[""one day"", ""one year"", ""one month"", ""other time period if volunteered""]",,none
623,COLDEG1,,,"[""law"", ""phd"", ""master's"", ""mba"", ""bachelor's"", ""associate's"", ""other"", ""md""]",,none
624,majorcol,,,"[""socology"", ""history"", ""general sciences"", ""art"", ""english"", ""other"", ""psychology"", ""dentistry"", ""education"", ""economics"", ""nursing"", ""information technology"", ""finance"", ""chemistry"", ""journalism"", ""business administration"", ""social work"", ""electronics"", ""computer science"", ""accounting/bookkeeping"", ""communications/speech"", ""child development"", ""health"", ""human services"", ""criminology/criminal justice"", ""architecture"", ""marketing"", ""engineering"", ""law"", ""physical education"", ""physics"", ""pharmacy"", ""political science"", ""anthropolgy"", ""aviation, aeronatics"", ""liberal arts"", ""medicine"", ""foreign language"", ""mathmatics"", ""urban and regional planning"", ""theater arts"", ""visual arts/graphic design"", ""counseling"", ""biology"", ""industrial relations"", ""fine arts"", ""music"", ""theology"", ""environment science/studies"", ""tv, film"", ""allied health"", ""veterinary medicine"", ""social sciences"", ""philosophy"", ""mechanics/machine trade"", ""food science/nutrition/culinary arts"", ""other vocational"", ""geology"", ""educational administration"", ""comm. disorders""]",,none
625,colsci,,,"[""yes"", ""no""]",,none
626,colscinm,,,"[""c"", ""d"", ""e""]",,none
627,hsmath,,,"[""statistics probability"", ""pre-algebra"", ""geometry plane or solid or both"", ""one year of algebra"", ""calculus"", ""general math, business, or vocational math"", ""two years of algebra"", ""pre-calculus"", ""other"", ""trigonometry linear programming analysis"", ""no math in hs didn't go to hs""]",,none
628,hsbio,,,"[""no"", ""yes""]",,none
629,hschem,,,"[""no"", ""yes""]",,none
630,hsphys,,,"[""yes"", ""no""]",,none
631,nanowill,,,"[""about equal:if volunteered"", ""harmful results greater"", ""benefits greater""]",,none
632,nanoben,,,"[""slightly in favor"", ""strongly in favor""]",,none
633,nanoharm,,,"[""slightly in favor"", ""strongly in favor""]",,none
634,intintl,,,"[""very interested"", ""moderately interested"", ""not at all interested""]",,none
635,intfarm,,,"[""very interested"", ""moderately interested"", ""not at all interested""]",,none
636,inteduc,,,"[""very interested"", ""moderately interested"", ""not at all interested""]",,none
637,intsci,,,"[""moderately interested"", ""very interested"", ""not at all interested""]",,none
638,intecon,,,"[""moderately interested"", ""very interested"", ""not at all interested""]",,none
639,inttech,,,"[""very interested"", ""moderately interested"", ""not at all interested""]",,none
640,intmed,,,"[""moderately interested"", ""very interested"", ""not at all interested""]",,none
641,intspace,,,"[""very interested"", ""moderately interested"", ""not at all interested""]",,none
642,intenvir,,,"[""moderately interested"", ""very interested"", ""not at all interested""]",,none
643,intmil,,,"[""very interested"", ""moderately interested"", ""not at all interested""]",,none
644,visnhist,,,"[""d"", ""e"", ""c""]",,none
645,viszoo,,,"[""d"", ""e"", ""c""]",,none
646,vissci,,,"[""d"", ""e"", ""c""]",,none
647,SCINEWS1,,,"[""printed newspapers"", ""other specify"", ""online newspapers""]",,none
648,SCINEWS2,,,"[""online magazines"", ""printed magazines"", ""other specify""]",,none
649,SCINEWS3,,,"[""no answer"", ""news site"", ""don't know"", ""other"", ""online magazines"", ""search engine (google, bing)"", ""online newspapers"", ""science site"", ""electronic books & reports"", ""government site"", ""wikipedia""]",,none
650,scientgo,scientists work for good of humanity,scientists work for good of humanity,"[""strongly disagree"", ""agree"", ""strongly agree"", ""disagree""]",2022,dtag:maps/gss/gss_2022_map.csv#YEAR_SPECIFIC
651,scienthe,scientists help solve prob,scientists help solve prob,"[""strongly agree"", ""agree"", ""disagree"", ""strongly disagree""]",2022,dtag:maps/gss/gss_2022_map.csv#YEAR_SPECIFIC
652,scientod,,,"[""strongly disagree"", ""strongly agree"", ""agree"", ""disagree""]",,none
653,scientbe,scientists want to make life better for avg person,scientists want to make life better for avg person,"[""strongly agree"", ""agree"", ""disagree"", ""strongly disagree""]",2022,dtag:maps/gss/gss_2022_map.csv#YEAR_SPECIFIC
654,buyvalue,percent of company stock r bought from own money,percent of company stock r bought from own money,"[""d"", ""c"", ""e""]",2022,dtag:maps/gss/gss_2022_map.csv#YEAR_SPECIFIC
655,compwage,annual wages in previous year were higher than same jobs in other companies,annual wages in previous year were higher than same jobs in other companies,"[""d"", ""c"", ""e"", ""b""]",2022,dtag:maps/gss/gss_2022_map.csv#YEAR_SPECIFIC
656,numorg,,,"[""d"", ""c"", ""e""]",,none
657,empinput,r involved in any task force for decision-making,r involved in any task force for decision-making,"[""yes"", ""no""]",2022,dtag:maps/gss/gss_2022_map.csv#YEAR_SPECIFIC
658,slfmangd,r involved in a self-managed team,r involved in a self-managed team,"[""yes"", ""no""]",2022,dtag:maps/gss/gss_2022_map.csv#YEAR_SPECIFIC
659,emptrain,received formal training from employer,received formal training from employer,"[""no"", ""yes""]",2022,dtag:maps/gss/gss_2022_map.csv#YEAR_SPECIFIC
660,wealth,total wealth of respondent,total wealth of respondent,"[""$4 million to $5 million"", ""$5 million to $10 million"", ""$250,000 to $500,000"", ""$100,000 to $150,000"", ""less than $5,000"", ""$75,000 to $100,000"", ""$500,000 to $1 million"", ""$150,000 to $250,000"", ""$5,000 to $20,000"", ""$40,000 to $75,000"", ""$20,000 to $40,000"", ""$3 million to $4 million"", ""$1 million to $2 million"", ""$2 million to $3 million"", ""above $10 million""]",2022,dtag:maps/gss/gss_2022_map.csv#YEAR_SPECIFIC
661,esop,r is member of esop,r is member of esop,"[""yes"", ""no""]",2022,dtag:maps/gss/gss_2022_map.csv#YEAR_SPECIFIC
662,defpensn,r has defined benefit pension plan,r has defined benefit pension plan,"[""no"", ""yes""]",2022,dtag:maps/gss/gss_2022_map.csv#YEAR_SPECIFIC
663,buyesop,,,"[""i would be more likely to buy from an employee-owned company"", ""i would be less likely to buy from an employee-owned company"", ""i would be neither more nor less likely to buy from an employee-owned company""]",,none
664,esopnot,,,"[""i would be neutral"", ""i would probably take the job without the esop (employee stock ownership plan) or cash profit sharing"", ""i would probably take the job with the esop (employee stock ownership plan) or cash profit sharing"", ""i would definitely take the job without the esop (employee stock ownership plan) or cash profit sharing"", ""i would definitely take the job with the esop (employee stock ownership plan) or cash profit sharing""]",,none
665,company,,,"[""a company whose stock is owned by the employees who appoint the management to run the company's operations"", ""a company whose stock is owned by outside investors who appoint the management to run the company's operations"", ""a company in which the government owns the stock and appoints the management to run the company's operations""]",,none
666,mhunsure,people like x are unpredictable,people like x are unpredictable,"[""strongly disagree?"", ""strongly agree"", ""agree"", ""disagree, or""]",2024,dtag:maps/gss/gss_2024_map.csv#YEAR_SPECIFIC
667,mhdiagno,,,"[""no"", ""yes""]",,none
668,ratetone,,,"[""d"", ""c"", ""e""]",,none
669,prvdhlth,,,"[""family, relatives or friends"", ""non-profit organizations/charities/cooperatives"", ""government"", ""private companies/for-profit organizations"", ""religious organizations""]",,none
670,prvdold,,,"[""private companies/for-profit organizations"", ""family, relatives or friends"", ""government"", ""non-profit organizations/charities/cooperatives"", ""religious organizations""]",,none
671,POLEFF11,don't have any say about what the government does,don't have any say about what the government does,"[""strongly disagree"", ""strongly agree"", ""neither agree nor disagree"", ""agree"", ""disagree""]",2024,dtag:maps/gss/gss_2024_map.csv#YEAR_SPECIFIC
672,posslq,does r have marital partner,does r have marital partner,"[""living as married"", ""married with partner"", ""partner, not together"", ""no steady partner""]",2022,dtag:maps/gss/gss_2022_map.csv#YEAR_SPECIFIC
673,posslqy,relationship status and cohabitation or not,relationship status and cohabitation or not,"[""i have a steady partner, and we live in the same household."", ""i am married and living in the same household as my husband or wife.""]",2022,dtag:maps/gss/gss_2022_map.csv#YEAR_SPECIFIC
674,marcohab,cohabitation status,cohabitation status,"[""na"", ""not married, cohabitating partner"", ""married"", ""not married, no cohabitating partner"", ""not married, missing on cohabitating""]",2022,dtag:maps/gss/gss_2022_map.csv#YEAR_SPECIFIC
675,kidpars,,,"[""strongly disagree"", ""neither agree nor disagree"", ""strongly agree"", ""agree"", ""disagree""]",,none
676,firstyou,,,"[""neither agree nor disagree"", ""agree"", ""strongly agree"", ""disagree"", ""strongly disagree""]",,none
677,helpfrds,,,"[""strongly disagree"", ""strongly agree"", ""agree"", ""neither agree nor disagree"", ""disagree""]",,none
678,demands,,,"[""yes, very often"", ""yes, sometimes"", ""yes, often"", ""yes, but seldom"", ""no, never""]",,none
679,knwbus,,,"[""close friend"", ""family or relative"", ""no one"", ""someone else i know""]",,none
680,knwexec,,,"[""close friend"", ""family or relative"", ""someone else i know"", ""no one""]",,none
681,knwclenr,,,"[""someone else i know"", ""no one"", ""close friend"", ""family or relative""]",,none
682,knwcuttr,,,"[""no one"", ""someone else i know"", ""close friend"", ""family or relative""]",,none
683,knwhrman,,,"[""no one"", ""family or relative"", ""close friend"", ""someone else i know""]",,none
684,knwlawyr,,,"[""no one"", ""someone else i know"", ""close friend"", ""family or relative""]",,none
685,knwmchnc,,,"[""no one"", ""someone else i know"", ""close friend"", ""family or relative""]",,none
686,knwnurse,,,"[""someone else i know"", ""no one"", ""family or relative"", ""close friend""]",,none
687,knwcop,,,"[""no one"", ""someone else i know"", ""close friend"", ""family or relative""]",,none
688,knwtcher,,,"[""someone else i know"", ""no one"", ""close friend"", ""family or relative""]",,none
689,smallgap,,,"[""agree"", ""strongly disagree"", ""strongly agree"", ""neither agree nor disagree"", ""disagree""]",,none
690,govlazy,,,"[""strongly disagree"", ""neither agree nor disagree"", ""agree"", ""strongly agree"", ""disagree""]",,none
691,partlsc,,,"[""once in the past year"", ""once a week or more"", ""never"", ""several times a year"", ""one to three times a month""]",,none
692,partpart,,,"[""several times a year"", ""once in the past year"", ""once a week or more"", ""never"", ""one to three times a month""]",,none
693,partvol,,,"[""once a week or more"", ""once in the past year"", ""never"", ""several times a year"", ""one to three times a month""]",,none
694,hlphome,,,"[""more distant family member"", ""someone i work with"", ""no one"", ""someone else"", ""close friend"", ""neighbor"", ""close family member""]",,none
695,hlpsick,,,"[""close friend"", ""no one"", ""neighbor"", ""close family member"", ""more distant family member"", ""someone else"", ""someone i work with""]",,none
696,hlpdown,,,"[""no one"", ""someone else"", ""close family member"", ""close friend"", ""someone i work with"", ""more distant family member"", ""neighbor""]",,none
697,hlpadvce,,,"[""more distant family member"", ""close family member"", ""someone else"", ""someone i work with"", ""no one"", ""close friend"", ""neighbor""]",,none
698,hlpsococ,,,"[""more distant family member"", ""someone else"", ""no one"", ""someone i work with"", ""close family member"", ""close friend"", ""neighbor""]",,none
699,hlploan,,,"[""non-profit or religious organizations"", ""other organizations"", ""other persons"", ""no person or organization"", ""public services"", ""family members or close friends"", ""private companies""]",,none
700,hlpjob,,,"[""public services"", ""private companies"", ""family members or close friends"", ""no person or organization"", ""other persons"", ""other organizations"", ""non-profit or religious organizations""]",,none
701,hlppaper,,,"[""non-profit or religious organizations"", ""public services"", ""no person or organization"", ""other persons"", ""other organizations"", ""family members or close friends"", ""private companies""]",,none
702,hlpresde,,,"[""public services"", ""no person or organization"", ""other persons"", ""other organizations"", ""non-profit or religious organizations"", ""family members or close friends"", ""private companies""]",,none
703,hlpsickr,,,"[""non-profit or religious organizations"", ""private companies"", ""family members or close friends"", ""other persons"", ""no person or organization"", ""other organizations"", ""public services""]",,none
704,LONELY1,,,"[""often"", ""very often"", ""never"", ""sometimes"", ""rarely""]",,none
705,LONELY2,,,"[""very often"", ""never"", ""sometimes"", ""rarely"", ""often""]",,none
706,LONELY3,,,"[""very often"", ""never"", ""sometimes"", ""rarely"", ""often""]",,none
707,trcourts,how much trust r has in american courts,how much trust r has in american courts,"[""b"", ""c"", ""a"", ""d"", ""e""]",2024,dtag:maps/gss/gss_2024_map.csv#YEAR_SPECIFIC
708,trbigbus,,,"[""a"", ""d"", ""b"", ""c"", ""e""]",,none
709,fampress,,,"[""yes, very often"", ""yes, sometimes"", ""yes, often"", ""yes, but rarely"", ""no, never""]",,none
710,upset,,,"[""never"", ""often"", ""sometimes"", ""rarely"", ""very often""]",,none
711,dinefrds,,,"[""once a week"", ""less often"", ""two to three times a month"", ""several times a week"", ""once a month"", ""never"", ""several times a year"", ""daily""]",,none
712,newfrds,,,"[""often"", ""very often"", ""never"", ""sometimes"", ""rarely""]",,none
713,conwkday,,,"[""5-9 people"", ""0-4 people"", ""50-99 people"", ""100 or more people"", ""20-49 people"", ""10-19 people""]",,none
714,CONF2F,,,"[""all or almost all of them"", ""none or almost none of them"", ""some of them"", ""about half of them"", ""most of them""]",,none
715,cntctpar,,,"["" two to three times a month"", ""several times a year"", ""never"", ""less often"", ""the parent i have contact with most frequently lives with me"", ""once a week"", ""daily"", ""once a month"", ""several times a week"", ""my parents are no longer alive""]",,none
716,cntctsib,,,"[""less often"", "" two to three times a month"", ""never"", ""several times a year"", ""once a week"", ""the brother or sister i have contact with most frequently lives with me"", ""once a month"", ""i do not have brothers or sisters"", ""several times a week"", ""daily""]",,none
717,cntctkid,,,"[""the adult child i have contact with most frequently lives with me"", "" two to three times a month"", ""once a week"", ""once a month"", ""several times a week"", ""i do not have any adult children"", ""daily"", ""several times a year"", ""never"", ""less often""]",,none
718,cntctfam,,,"[""i do not have other family members"", ""never"", ""several times a year"", "" two to three times a month"", ""less often"", ""once a week"", ""daily"", ""once a month"", ""several times a week"", ""the other family member i have the most contact with the most frequently lives with me""]",,none
719,cntctfrd,,,"[""never"", ""less often"", ""i do not have any close friends"", ""several times a year"", ""once a week"", "" two to three times a month"", ""once a month"", ""daily"", ""several times a week"", ""the close friend i have contact with the most frequently lives with me""]",,none
720,intcntct,,,"[""d"", ""b"", ""c"", ""e""]",,none
721,healthissp,merged healthissp_d and healthissp_e,merged healthissp_d and healthissp_e,"[""poor"", ""fair"", ""excellent"", ""very good"", ""good""]",2022,dtag:maps/gss/gss_2022_map.csv#YEAR_SPECIFIC
722,unhappy,,,"[""never"", ""often"", ""sometimes"", ""rarely"", ""very often""]",,none
723,pilingup,,,"[""often"", ""never"", ""sometimes"", ""rarely"", ""very often""]",,none
724,mygoals,,,"[""mostly untrue"", ""completely untrue"", ""completely true"", ""neither true nor untrue"", ""somewhat untrue"", ""somewhat true"", ""mostly true""]",,none
725,satlife,,,"[""completely satisfied"", ""somewhat dissatisfied"", ""somewhat satisfied"", ""mostly satisfied"", ""neither satisfied nor dissatisfied"", ""mostly dissatisfied"", ""completely dissatisfied""]",,none
726,endsmeet,how difficult or easy is it for r's household to make ends meet,how difficult or easy is it for r's household to make ends meet,"[""very difficult"", ""neither easy nor difficult"", ""fairly easy"", ""fairly difficult"", ""very easy""]",2022,dtag:maps/gss/gss_2022_map.csv#YEAR_SPECIFIC
727,numlangs,,,"[""four or more languages"", ""three languages"", ""two languages"", ""one language""]",,none
728,goodlife,standard of living of r will improve,standard of living of r will improve,"[""strongly disagree"", ""strongly agree"", ""agree"", ""disagree"", ""neither""]",2022,dtag:maps/gss/gss_2022_map.csv#YEAR_SPECIFIC
729,incgap,,,"[""strongly agree"", ""strongly disagree"", ""agree"", ""disagree"", ""neither""]",,none
730,goveqinc,,,"[""strongly disagree"", ""strongly agree"", ""agree"", ""neither"", ""disagree""]",,none
731,hubbywrk,,,"[""agree"", ""strongly agree"", ""strongly disagree"", ""neither agree nor disagree"", ""disagree""]",,none
732,marhomo,,,"[""strongly agree"", ""neither agree nor disagree"", ""agree"", ""strongly disagree"", ""disagree""]",,none
733,meovrwrk,men hurt family when focus on work too much,men hurt family when focus on work too much,"[""strongly disagree"", ""strongly agree"", ""neither agree nor disagree"", ""agree"", ""disagree""]",2022,dtag:maps/gss/gss_2022_map.csv#YEAR_SPECIFIC
734,SATFAM7,,,"[""very dissatisfied"", ""very satisfied"", ""completely satisfied"", ""fairly dissatisfied"", ""fairly satisfied"", ""neither satisfied nor dissatisfied"", ""completely dissatisfied""]",,none
735,stress,how often does r find work stressful,how often does r find work stressful,"[""often"", ""sometimes"", ""never"", ""always"", ""hardly ever""]",2022,dtag:maps/gss/gss_2022_map.csv#YEAR_SPECIFIC
736,supervis,does r supervise others at work in main job,does r supervise others at work in main job,"[""supervises"", ""doesnt supervise""]",2022,dtag:maps/gss/gss_2022_map.csv#YEAR_SPECIFIC
737,localnum,number of employees: r's work site,number of employees: r's work site,"[""2,000+"", ""10-49"", ""1,000-1,999"", ""100-499"", ""500-999"", ""1-9"", ""50-99""]",2024,dtag:maps/gss/gss_2024_map.csv#YEAR_SPECIFIC
738,hapunhap,,,"[""not very happy"", ""fairly happy"", ""very happy"", ""not at all happy""]",,none
739,XMARSEX1,,,"[""not wrong at all"", ""wrong only sometimes"", ""almost always wrong"", ""always wrong""]",,none
740,HOMOSEX1,,,"[""wrong only sometimes"", ""not wrong at all"", ""always wrong"", ""almost always wrong""]",,none
741,abpoorw,,,"[""almost always wrong"", ""not wrong at all"", ""wrong only sometimes"", ""always wrong""]",,none
742,concong,,,"[""a great deal of confidence"", ""no confidence at all"", ""complete confidence"", ""very little confidence"", ""some confidence""]",,none
743,conbiz,,,"[""no confidence at all"", ""very little confidence"", ""complete confidence"", ""a great deal of confidence"", ""some confidence""]",,none
744,conchurh,,,"[""no confidence at all"", ""a great deal of confidence"", ""complete confidence"", ""very little confidence"", ""some confidence""]",,none
745,concourt,,,"[""a great deal of confidence"", ""no confidence at all"", ""some confidence"", ""complete confidence"", ""very little confidence""]",,none
746,conschls,,,"[""no confidence at all"", ""a great deal of confidence"", ""complete confidence"", ""very little confidence"", ""some confidence""]",,none
747,clergvte,,,"[""strongly disagree"", ""neither agree nor disagree"", ""agree"", ""strongly agree"", ""disagree""]",,none
748,churhpow,,,"[""right amount pwr"", ""too much power"", ""too little power"", ""far too litl pwr"", ""far too much pwr""]",,none
749,godchnge,,,"[""don't believe now, never have"", ""don't believe now, used to"", ""believe now, always have"", ""believe now, didn't used to""]",,none
750,afterlif,,,"[""yes, probably"", ""no, definitely not"", ""no, probably not"", ""yes, definitely""]",,none
751,heaven,,,"[""no, probably not"", ""no, definitely not"", ""yes, probably"", ""yes, definitely""]",,none
752,hell,,,"[""no, probably not"", ""no, definitely not"", ""yes, probably"", ""yes, definitely""]",,none
753,miracles,,,"[""no, definitely not"", ""no, probably not"", ""yes, probably"", ""yes, definitely""]",,none
754,theism,,,"[""strongly disagree"", ""agree"", ""neither agree nor disagree"", ""strongly agree"", ""disagree""]",,none
755,fatalism,,,"[""neither agree nor disagree"", ""strongly agree"", ""agree"", ""strongly disagree"", ""disagree""]",,none
756,godmeans,,,"[""agree"", ""strongly disagree"", ""neither agree nor disagree"", ""strongly agree"", ""disagree""]",,none
757,nihilism,,,"[""agree"", ""strongly agree"", ""neither agree nor disagree"", ""strongly disagree"", ""disagree""]",,none
758,egomeans,,,"[""strongly disagree"", ""strongly agree"", ""agree"", ""neither agree nor disagree"", ""disagree""]",,none
759,marelkid,,,"[""buddhism"", ""jewish"", ""orthodox-christian"", ""other"", ""catholic"", ""protestant"", ""hinduism"", ""none"", ""native american"", ""other eastern"", ""moslem/islam""]",,none
760,madenkid,,,"["" pentecostal"", "" 7th day adventist"", "" unitarian, universalist"", ""methodist, dk which"", ""lutheran, dk which"", "" reformed"", ""christian; central christian"", "" quaker"", ""episcopal church"", ""baptist, dk which"", ""evangelical, evangelist"", ""mormon"", ""african meth epis ch"", ""no denom. given or non-denom ch"", ""southern baptist conv"", ""congregationalist, 1st congreg"", ""presbyterian, dk which"", ""united church of canada"", ""armenian apostolic church"", ""other baptist chs"", ""church of christ"", ""covenant"", ""jehovah's witnesses"", ""mennonite"", ""other meth ch"", ""united meth church"", ""church of god in christ holiness"", ""amer baptist assoc"", "" missionary baptist"", ""holiness; church of holiness"", ""primitive baptist"", ""free will baptist"", "" united church of christ"", ""churches of god(except with christ and holiness)"", ""christian & missionary alliance"", "" wesleyan"", ""disciples of christ"", ""assembly of god"", ""brethren church, brethren"", ""presbyt ch usa"", ""wisc evan luth synod"", ""luth ch--mo synod"", ""ame zion church""]",,none
761,parelkid,,,"[""buddhism"", ""jewish"", ""none"", ""other"", ""catholic"", ""protestant"", ""hinduism"", ""christian"", ""moslem/islam""]",,none
762,padenkid,,,"[""hebrew roots"", ""baptist, dk which"", "" quaker"", "" unitarian, universalist"", "" reformed"", ""christian; central christian"", ""methodist, dk which"", "" 7th day adventist"", "" pentecostal"", ""episcopal church"", ""apostolic faith"", ""lutheran, dk which"", ""presbyterian, dk which"", ""no denom. given or non-denom ch"", ""african meth epis ch"", ""southern baptist conv"", ""congregationalist, 1st congreg"", ""united church of canada"", ""armenian apostolic church"", ""other baptist chs"", ""church of christ"", ""covenant"", ""mormon"", ""mennonite"", ""jehovah's witnesses"", ""churches of god(except with christ and holiness)"", ""united meth church"", ""church of god in christ holiness"", ""lds--reorganized"", ""amer baptist assoc"", "" missionary baptist"", ""christian & missionary alliance"", "" united church of christ"", ""holiness; church of holiness"", ""brethren church, brethren"", ""disciples of christ"", ""assembly of god"", ""free will baptist"", ""presbyt ch usa"", ""wisc evan luth synod"", ""luth ch--mo synod"", ""christian reform"", ""evangelical, evangelist""]",,none
763,religkid,,,"[""buddhism"", ""jewish"", ""orthodox-christian"", ""other"", ""catholic"", ""protestant"", ""hinduism"", ""moslem/islam"", ""none"", ""native american""]",,none
764,denkid,,,"[""evangelical, evangelist"", ""baptist, dk which"", ""episcopal church"", "" quaker"", "" unitarian, universalist"", "" reformed"", ""christian; central christian"", ""methodist, dk which"", "" 7th day adventist"", "" pentecostal"", ""lutheran, dk which"", ""presbyterian, dk which"", ""apostolic church"", ""mormon"", ""african meth epis ch"", ""disciples of christ"", ""no denom. given or non-denom ch"", ""southern baptist conv"", ""congregationalist, 1st congreg"", ""church of christ"", ""other baptist chs"", ""united meth church"", ""united church of canada"", ""armenian apostolic church"", ""nazarene"", ""covenant"", ""jehovah's witnesses"", ""mennonite"", "" united church of christ"", ""holiness; church of holiness"", ""other meth ch"", ""church of god in christ holiness"", ""amer baptist ch in usa"", "" missionary baptist"", ""community church"", ""free will baptist"", ""churches of god(except with christ and holiness)"", ""christian & missionary alliance"", "" wesleyan"", ""spiritualist"", ""evangelical reformed"", ""assembly of god"", ""presbyt ch usa"", ""ame zion church"", ""wisc evan luth synod"", ""luth ch--mo synod"", ""brethren church, brethren"", ""amer lutheran ch""]",,none
765,attendma,,,"[""about once or twice a yr"", ""nearly every week"", ""never"", ""several times a yr"", ""less than once a yr"", ""several times a week"", ""about once a month"", ""every week"", ""2-3 times a month"", ""no father-mother present""]",,none
766,attendpa,,,"[""no father-mother present"", ""nearly every week"", ""several times a yr"", ""less than once a yr"", ""several times a week"", ""never"", ""about once a month"", ""every week"", ""about once or twice a yr"", ""2-3 times a month""]",,none
767,ATTEND12,,,"[""nearly every week"", ""about once or twice a yr"", ""never"", ""several times a yr"", ""less than once a yr"", ""several times a week"", ""about once a month"", ""every week"", ""2-3 times a month""]",,none
768,prayfreq,,,"[""less than once a year"", ""nearly every week"", ""never"", ""several times a year"", ""about once a month"", ""every week"", ""about once or twice a year"", ""several times a week"", ""2-3 times a month""]",,none
769,relactiv,how often does r take part in relig activities,how often does r take part in relig activities,"[""several times a week"", ""about once a month"", ""every week"", ""about once or twice a year"", ""never"", ""nearly every week"", ""less than once a year"", ""several times a year"", ""2-3 times a month"", ""once a day""]",2024,dtag:maps/gss/gss_2024_map.csv#YEAR_SPECIFIC
770,relscrpt,,,"[""no"", ""yes""]",,none
771,feelrel,,,"[""somewhat non-rel"", ""very non-rel"", ""extreme non-rel"", ""extreme relgious"", ""not rel or non"", ""somwhat relgious"", ""very religious""]",,none
772,befair,how often do you think people take advantage,how often do you think people take advantage,"[""advntge all time"", ""fair all of time"", ""advntge mst time"", ""fair mst of time""]",2024,dtag:maps/gss/gss_2024_map.csv#YEAR_SPECIFIC
773,cantrust,people can be trusted or cant be too careful,people can be trusted or cant be too careful,"[""usually trusted"", ""alwys not trsted"", ""usual not trsted"", ""always trusted""]",2024,dtag:maps/gss/gss_2024_map.csv#YEAR_SPECIFIC
774,trustsci,,,"[""agree"", ""strong disagree"", ""not agree/dsagre"", ""strongly agree"", ""disagree""]",,none
775,religcon,,,"[""strong disagree"", ""strongly agree"", ""not agree/dsagre"", ""agree"", ""disagree""]",,none
776,religint,,,"[""strong disagree"", ""agree"", ""not agree/dsagre"", ""strongly agree"", ""disagree""]",,none
777,relmarry,,,"[""definitely not accept"", ""probably accept"", ""probably not accept"", ""definitely accept""]",,none
778,RELEXT1,,,"[""probably not"", ""definitely"", ""probably"", ""definitely not""]",,none
779,RELEXT3,,,"[""definitely"", ""definitely not"", ""probably"", ""probably not""]",,none
780,ancestrs,,,"[""yes, probably"", ""yes, definitely"", ""no, probably not"", ""no, definitely not""]",,none
781,mywaygod,,,"[""neither agree nor disagree"", ""strongly disagree"", ""strongly agree"", ""agree"", ""disagree""]",,none
782,relgeneq,,,"[""treats men better than women"", ""i don't belong to or follow any religion"", ""treats women better than men"", ""treats men and women equally""]",,none
783,relobjct,,,"[""no"", ""yes""]",,none
784,vistholy,,,"[""less than once a year"", ""several times a year"", ""about once a month or more"", ""about once or twice a year"", ""never""]",,none
785,relsprt,,,"[""i dont follow a religion and dont consider myself to be a spiritual person interested in the sacred"", ""i follow a religion, but dont consider myself to be a spiritual person interested in the sacred and"", ""i dont follow a religion, but consider myself to be a spiritual person interested in the sacred and"", ""i follow a religion and consider myself to be a spiritual person interested in the sacred and the sup""]",,none
786,makefrnd,,,"[""strongly disagree"", ""strongly agree"", ""neither agree nor disagree"", ""agree"", ""disagree""]",,none
787,comfort,,,"[""strongly disagree"", ""neither agree nor disagree"", ""strongly agree"", ""agree"", ""disagree""]",,none
788,relgenbar,,,"[""strongly agree"", ""strongly disagree"", ""neither agree nor disagree"", ""agree"", ""disagree""]",,none
789,govvsrel,,,"[""strongly disagree"", ""neither agree nor disagree"", ""agree"", ""strongly agree"", ""disagree""]",,none
790,difrel,,,"[""strongly agree"", ""neither agree nor disagree"", ""strongly disagree"", ""agree"", ""disagree""]",,none
791,relpast,,,"[""strongly agree"", ""agree"", ""neither agree nor disagree"", ""strongly disagree"", ""disagree""]",,none
792,relrlvnt,,,"[""strongly disagree"", ""agree"", ""neither agree nor disagree"", ""strongly agree"", ""disagree""]",,none
793,christns,,,"[""very negative"", ""somewhat negative"", ""neither positive nor negative"", ""somewhat positive"", ""very positive""]",,none
794,muslims,,,"[""very negative"", ""very positive"", ""neither positive nor negative"", ""somewhat positive"", ""somewhat negative""]",,none
795,hindus,,,"[""very negative"", ""somewhat negative"", ""very positive"", ""somewhat positive"", ""neither positive nor negative""]",,none
796,buddhsts,,,"[""very negative"", ""somewhat negative"", ""very positive"", ""somewhat positive"", ""neither positive nor negative""]",,none
797,jews,,,"[""very negative"", ""neither positive nor negative"", ""very positive"", ""somewhat positive"", ""somewhat negative""]",,none
798,atheists,,,"[""very positive"", ""very negative"", ""somewhat positive"", ""neither positive nor negative"", ""somewhat negative""]",,none
799,nukegen,,,"[""not dangerous"", ""not very dangerous"", ""very dangerous"", ""somewhat dangerous"", ""extremely dangerous""]",,none
800,indusgen,,,"[""not very dangerous"", ""somewhat dangerous"", ""very dangerous"", ""extremely dangerous"", ""not dangerous""]",,none
801,chemgen,,,"[""somewhat dangerous"", ""very dangerous"", ""not very dangerous"", ""extremely dangerous"", ""not dangerous""]",,none
802,watergen,,,"[""not very dangerous"", ""very dangerous"", ""somewhat dangerous"", ""extremely dangerous"", ""not dangerous""]",,none
803,tempgen,,,"[""not dangerous"", ""not very dangerous"", ""very dangerous"", ""somewhat dangerous"", ""extremely dangerous""]",,none
804,genegen,,,"[""very dangerous"", ""extremely dangerous for environment"", ""not very dangerous"", ""not dangerous at all for environment"", ""somewhat dangerous""]",,none
805,LETIN1A,number of immigrants nowadays should be,number of immigrants nowadays should be,"[""increased a lot"", ""reduced a lot, or"", ""increased a little"", ""reduced a little"", ""remain the same as it is""]",2022,dtag:maps/gss/gss_2022_map.csv#YEAR_SPECIFIC
806,partners,how many sex partner's r had in last year,how many sex partner's r had in last year,"[""4 partners"", ""3 partners"", ""2 partners"", ""no partners"", ""1 partner"", ""5-10 partners"", ""1 or more, # unknown"", ""21-100 partners""]",2022,dtag:maps/gss/gss_2022_map.csv#YEAR_SPECIFIC
807,matesex,was 1 of r's partner's spouse or regular,was 1 of r's partner's spouse or regular,"[""no"", ""yes""]",2022,dtag:maps/gss/gss_2022_map.csv#YEAR_SPECIFIC
808,frndsex,r had sex with friend last year,r had sex with friend last year,"[""had sex with friend"", ""not selected""]",2022,dtag:maps/gss/gss_2022_map.csv#YEAR_SPECIFIC
809,acqntsex,r had sex with acquaintance last year,r had sex with acquaintance last year,"[""sex w acquaintance"", ""not selected""]",2022,dtag:maps/gss/gss_2022_map.csv#YEAR_SPECIFIC
810,pikupsex,r had sex with casual date last year,r had sex with casual date last year,"[""not selected"", ""had sex with pick-up""]",2022,dtag:maps/gss/gss_2022_map.csv#YEAR_SPECIFIC
811,paidsex,r had sex for pay last year,r had sex for pay last year,"[""not selected"", ""had sex for pay""]",2022,dtag:maps/gss/gss_2022_map.csv#YEAR_SPECIFIC
812,othersex,r had sex with some other last year,r had sex with some other last year,"[""had sex with other"", ""not selected""]",2022,dtag:maps/gss/gss_2022_map.csv#YEAR_SPECIFIC
813,sexsex,sex of sex partner's in last year,sex of sex partner's in last year,"[""exclusively male"", ""exclusively female"", ""both male and female""]",2022,dtag:maps/gss/gss_2022_map.csv#YEAR_SPECIFIC
814,sexfreq,frequency of sex during last year,frequency of sex during last year,"[""4+ per week"", ""2-3 per week"", ""once a month"", ""once or twice"", ""not at all"", ""weekly"", ""2-3 times a month""]",2022,dtag:maps/gss/gss_2022_map.csv#YEAR_SPECIFIC
815,numwomen,number of female sex partner's since 18,number of female sex partner's since 18,"[""c"", ""e"", ""d""]",2022,dtag:maps/gss/gss_2022_map.csv#YEAR_SPECIFIC
816,nummen,number of male sex partner's since 18,number of male sex partner's since 18,"[""c"", ""e""]",2022,dtag:maps/gss/gss_2022_map.csv#YEAR_SPECIFIC
817,PARTNRS5,how many sex partner's r had in last 5 years,how many sex partner's r had in last 5 years,"[""11-20 partners"", ""4 partners"", ""5-10 partners"", ""3 partners"", ""2 partners"", ""no partners"", ""1 or more, # unknown"", ""1 partner"", ""21-100 partners"", ""more than 100 partners""]",2022,dtag:maps/gss/gss_2022_map.csv#YEAR_SPECIFIC
818,SEXSEX5,sex of sex partner's last five years,sex of sex partner's last five years,"[""both male and female"", ""exclusively male"", ""exclusively female""]",2022,dtag:maps/gss/gss_2022_map.csv#YEAR_SPECIFIC
819,evpaidsx,ever have sex paid for or being paid since 18,ever have sex paid for or being paid since 18,"[""yes"", ""no""]",2022,dtag:maps/gss/gss_2022_map.csv#YEAR_SPECIFIC
820,evstray,have sex other than spouse while married,have sex other than spouse while married,"[""never married"", ""yes"", ""no""]",2022,dtag:maps/gss/gss_2022_map.csv#YEAR_SPECIFIC
821,condom,used condom last time,used condom last time,"[""not used"", ""used last time""]",2022,dtag:maps/gss/gss_2022_map.csv#YEAR_SPECIFIC
822,relatsex,relation to last sex partner,relation to last sex partner,"[""no, no relationship"", ""yes, in relationship""]",2022,dtag:maps/gss/gss_2022_map.csv#YEAR_SPECIFIC
823,evidu,r ever inject drugs,r ever inject drugs,"[""yes"", ""no""]",2022,dtag:maps/gss/gss_2022_map.csv#YEAR_SPECIFIC
824,IDU30,r inject drugs in past 30 days,r inject drugs in past 30 days,"[""more than 30 days ago but within the past 12 months"", ""more than 3 years ago"", ""more than 12 months ago but within the past 3 years"", ""within the past 30 days""]",2022,dtag:maps/gss/gss_2022_map.csv#YEAR_SPECIFIC
825,evcrack,r ever use crack cocaine,r ever use crack cocaine,"[""yes"", ""no""]",2022,dtag:maps/gss/gss_2022_map.csv#YEAR_SPECIFIC
826,CRACK30,r last use crack cocaine,r last use crack cocaine,"[""more than 12 months ago but within the past 3 years"", ""more than 3 years ago"", ""more than 30 days ago but within the past 12 months"", ""within the past 30 days""]",2022,dtag:maps/gss/gss_2022_map.csv#YEAR_SPECIFIC
827,hivtest,have you ever been tested for hiv,have you ever been tested for hiv,"[""yes"", ""no""]",2022,dtag:maps/gss/gss_2022_map.csv#YEAR_SPECIFIC
828,HIVTEST1,in what year was your last hiv test,in what year was your last hiv test,"[""a"", ""b"", ""c"", ""e""]",2022,dtag:maps/gss/gss_2022_map.csv#YEAR_SPECIFIC
829,HIVTEST2,where did you have your last hiv test,where did you have your last hiv test,"[""clinic"", ""somewhere else"", ""home"", ""hospital"", ""private doctor or hmo office"", ""counselling and testing site"", ""jail or prison""]",2022,dtag:maps/gss/gss_2022_map.csv#YEAR_SPECIFIC
830,sexornt,sexual orientation,sexual orientation,"[""heterosexual or straight"", ""bisexual"", ""gay, lesbian, or homosexual""]",2022,dtag:maps/gss/gss_2022_map.csv#YEAR_SPECIFIC
831,sexbirth,,,"[""female"", ""male"", ""intersex""]",,none
832,sexnow,,,"[""transgender"", ""women"", ""man""]",,none
833,GENETST1,,,"[""a great deal"", ""nothing at all"", ""not very much""]",,none
834,GENEGOO2,,,"[""e"", ""c""]",,none
835,maleornt,,,"[""r is homosexual/gay"", ""r is not homosexual/gay"", ""r sexual orientation uncertain""]",,none
836,GENESELF2,,,"[""yes"", ""no""]",,none
837,GENEABRT2,,,"[""yes"", ""no""]",,none
838,realinc,family income in constant $,family income in constant $,"[""b"", ""c"", ""d"", ""e""]",2022,dtag:maps/gss/gss_2022_map.csv#YEAR_SPECIFIC
839,realrinc,r's income in constant $,r's income in constant $,"[""d"", ""c"", ""e""]",2022,dtag:maps/gss/gss_2022_map.csv#YEAR_SPECIFIC
840,coninc,family income in constant dollars,family income in constant dollars,"[""b"", ""c"", ""d"", ""e""]",2022,dtag:maps/gss/gss_2022_map.csv#YEAR_SPECIFIC
841,conrinc,respondent income in constant dollars,respondent income in constant dollars,"[""d"", ""c"", ""e""]",2022,dtag:maps/gss/gss_2022_map.csv#YEAR_SPECIFIC
842,ethnic,country of family origin,country of family origin,"[""norway"", ""finland"", ""france"", ""other"", ""other spanish"", ""greece"", ""russia"", ""arabic"", ""africa"", ""puerto rico"", ""germany"", ""ireland"", ""american indian"", ""italy"", ""spain"", ""england & wales"", ""non-span windies"", ""american only"", ""poland"", ""other canada"", ""other european"", ""other asian"", ""mexico"", ""lithuania"", ""india"", ""austria"", ""denmark"", ""switzerland"", ""netherlands"", ""hungary"", ""rumania"", ""japan"", ""scotland"", ""philippines"", ""french canada"", ""china"", ""portugal"", ""sweden"", ""czechoslovakia"", ""yugoslavia"", ""west indies"", ""belgium""]",2022,dtag:maps/gss/gss_2022_map.csv#YEAR_SPECIFIC
843,ETH1,1st mentioned country of origin,1st mentioned country of origin,"[""norway"", ""finland"", ""other"", ""sweden"", ""philippines"", ""greece"", ""arabic"", ""africa"", ""puerto rico"", ""ireland"", ""germany"", ""netherlands"", ""china"", ""french canada"", ""france"", ""italy"", ""american indian"", ""other spanish"", ""russia"", ""czechoslovakia"", ""austria"", ""mexico"", ""lithuania"", ""india"", ""spain"", ""england & wales"", ""non-span windies"", ""american only"", ""poland"", ""other european"", ""other canada"", ""other asian"", ""hungary"", ""rumania"", ""japan"", ""scotland"", ""denmark"", ""portugal"", ""belgium"", ""yugoslavia"", ""west indies"", ""switzerland""]",2022,dtag:maps/gss/gss_2022_map.csv#YEAR_SPECIFIC
844,ETH2,2nd mentioned country of origin,2nd mentioned country of origin,"[""sweden"", ""denmark"", ""spain"", ""mexico"", ""puerto rico"", ""russia"", ""belgium"", ""switzerland"", ""west indies"", ""scotland"", ""hungary"", ""american indian"", ""other canada"", ""other spanish"", ""england & wales"", ""other asian"", ""austria"", ""netherlands"", ""germany"", ""ireland"", ""french canada"", ""france"", ""italy"", ""norway"", ""american only"", ""non-span windies"", ""poland"", ""philippines"", ""portugal"", ""finland"", ""other european"", ""lithuania"", ""other"", ""africa"", ""india"", ""rumania"", ""china"", ""czechoslovakia"", ""yugoslavia"", ""japan"", ""greece"", ""arabic""]",2022,dtag:maps/gss/gss_2022_map.csv#YEAR_SPECIFIC
845,ETH3,3rd mentioned country of origin,3rd mentioned country of origin,"[""norway"", ""netherlands"", ""other asian"", ""switzerland"", ""poland"", ""scotland"", ""portugal"", ""china"", ""rumania"", ""mexico"", ""puerto rico"", ""france"", ""italy"", ""arabic"", ""sweden"", ""england & wales"", ""ireland"", ""lithuania"", ""germany"", ""hungary"", ""czechoslovakia"", ""other canada"", ""russia"", ""denmark"", ""other european"", ""spain"", ""american indian"", ""american only"", ""finland"", ""austria"", ""other"", ""philippines"", ""india""]",2022,dtag:maps/gss/gss_2022_map.csv#YEAR_SPECIFIC
846,ethnum,,,"[""cannot name any"", ""names 1"", ""chooses 1 of 2+"", ""cannot choose 1""]",,none
847,hispanic,r hispanic specific,r hispanic specific,"[""spanish"", ""not hispanic"", ""columbian"", ""chilean"", ""mexican, mexican american, chicano/a"", ""dominican"", ""equadorian"", ""puerto rican"", ""salvadorian"", ""central american"", ""costa rican"", ""guatemalan"", ""hispanic"", ""south american"", ""nicaraguan"", ""cuban"", ""honduran"", ""panamanian""]",2022,dtag:maps/gss/gss_2022_map.csv#YEAR_SPECIFIC
848,RACECEN1,"what is r's race, first mention","what is r's race, first mention","[""american indian or alaska native"", ""filipino"", ""other asian"", ""other pacific islander"", ""hispanic"", ""asian indian"", ""chinese"", ""white"", ""japanese"", ""black or african american"", ""vietnamese"", ""some other race"", ""korean""]",2022,dtag:maps/gss/gss_2022_map.csv#YEAR_SPECIFIC
849,RACECEN2,"what is r's race, second mention","what is r's race, second mention","[""some other race"", ""hispanic"", ""chinese"", ""white"", ""other asian"", ""american indian or alaska native"", ""japanese"", ""black or african american"", ""filipino"", ""asian indian"", ""korean"", ""native hawaiian"", ""other pacific islander""]",2022,dtag:maps/gss/gss_2022_map.csv#YEAR_SPECIFIC
850,RACECEN3,"what is r's race, third mention","what is r's race, third mention","[""some other race"", ""filipino"", ""american indian or alaska native"", ""white"", ""japanese"", ""native hawaiian"", ""hispanic"", ""black or african american""]",2022,dtag:maps/gss/gss_2022_map.csv#YEAR_SPECIFIC
851,uscitzn,"if not born in us, is r a us citizen","if not born in us, is r a us citizen","[""not a u.s. citizen"", ""a u.s. citizen"", ""born outside of the united states to parents who were u.s citizens at that time (if volunteered)"", ""a u.s. citizen born in puerto rico, the u.s. virgin islands, or the northern marianas islands""]",2022,dtag:maps/gss/gss_2022_map.csv#YEAR_SPECIFIC
852,fucitzn,is r planning/appling for us citizenship or not,is r planning/appling for us citizenship or not,"[""not eligible to become a u.s. citizen (if volunteered)"", ""not planning to apply to u.s. citizenship"", ""currently applying for u.s. citizenship"", ""planning to apply for u.s. citizenship""]",2022,dtag:maps/gss/gss_2022_map.csv#YEAR_SPECIFIC
853,yearsusa,,,"[""d"", ""b"", ""c"", ""e""]",,none
854,mnthsusa,,,"[""c"", ""b"", ""e""]",,none
855,vetyears,years in armed forces,years in armed forces,"[""2 to 4  years"", ""less than 2 yrs"", ""none"", ""more than 4 yrs""]",2022,dtag:maps/gss/gss_2022_map.csv#YEAR_SPECIFIC
856,dwelling,,,"[""apartment-4 stories"", ""apartment house"", ""2 units side by side"", ""2 units-one above"", ""detached 1-fam house"", ""trailer"", ""row house"", ""3-4 fam house"", ""other"", ""apartment-commercial""]",,none
857,dwelown,does r own or rent home?,does r own or rent home?,"[""other"", ""own or is buying"", ""pays rent""]",2022,dtag:maps/gss/gss_2022_map.csv#YEAR_SPECIFIC
858,DWELOWN16,did rs family own or rent home when r was age 16,did rs family own or rent home when r was age 16,"[""other (specify)"", ""paid rent"", ""owned or was buying""]",2024,dtag:maps/gss/gss_2024_map.csv#YEAR_SPECIFIC
859,worda,word a,word a,"[""incorrect"", ""correct""]",2022,dtag:maps/gss/gss_2022_map.csv#YEAR_SPECIFIC
860,wordb,word b,word b,"[""incorrect"", ""correct""]",2022,dtag:maps/gss/gss_2022_map.csv#YEAR_SPECIFIC
861,wordc,word c,word c,"[""incorrect"", ""correct""]",2022,dtag:maps/gss/gss_2022_map.csv#YEAR_SPECIFIC
862,wordd,word d,word d,"[""incorrect"", ""correct""]",2022,dtag:maps/gss/gss_2022_map.csv#YEAR_SPECIFIC
863,worde,word e,word e,"[""incorrect"", ""correct""]",2022,dtag:maps/gss/gss_2022_map.csv#YEAR_SPECIFIC
864,wordf,word f,word f,"[""incorrect"", ""correct""]",2022,dtag:maps/gss/gss_2022_map.csv#YEAR_SPECIFIC
865,wordg,word g,word g,"[""correct"", ""incorrect""]",2022,dtag:maps/gss/gss_2022_map.csv#YEAR_SPECIFIC
866,wordh,word h,word h,"[""incorrect"", ""correct""]",2022,dtag:maps/gss/gss_2022_map.csv#YEAR_SPECIFIC
867,wordi,word i,word i,"[""incorrect"", ""correct""]",2022,dtag:maps/gss/gss_2022_map.csv#YEAR_SPECIFIC
868,wordj,word j,word j,"[""incorrect"", ""correct""]",2022,dtag:maps/gss/gss_2022_map.csv#YEAR_SPECIFIC
869,wordsum,number words correct in vocabulary test,number words correct in vocabulary test,"[""b"", ""e"", ""c"", ""a"", ""d""]",2022,dtag:maps/gss/gss_2022_map.csv#YEAR_SPECIFIC
870,GENDER1,,,"[""female"", ""male""]",,none
871,OLD1,,,"[""d"", ""b"", ""c"", ""e""]",,none
872,MAR1,,,"[""separated"", ""divorced"", ""widowed"", ""never married"", ""married""]",,none
873,WHERE1,,,"[""institution"", ""another household"", ""traveling""]",,none
874,RELATE2,,,"[""parent or parent-in-law"", ""other relative"", ""child"", ""spouse"", ""non-relative"", ""son or daughter-in-law"", ""grand or great-grandchild""]",,none
875,GENDER2,,,"[""male"", ""female""]",,none
876,OLD2,,,"[""b"", ""c"", ""a"", ""d"", ""e""]",,none
877,MAR2,,,"[""widowed"", ""separated"", ""divorced"", ""never married"", ""married""]",,none
878,WHERE2,,,"[""institution"", ""traveling"", ""another household""]",,none
879,RELATE3,,,"[""parent or parent-in-law"", ""other relative"", ""grand or great-grandchild"", ""child"", ""non-relative"", ""son or daughter-in-law""]",,none
880,GENDER3,,,"[""female"", ""male""]",,none
881,OLD3,,,"[""d"", ""b"", ""c"", ""e""]",,none
882,MAR3,,,"[""divorced"", ""widowed"", ""separated"", ""married"", ""never married""]",,none
883,WHERE3,,,"[""institution"", ""another household"", ""traveling""]",,none
884,RELATE4,,,"[""other relative"", ""grand or great-grandchild"", ""son or daughter-in-law"", ""child"", ""non-relative"", ""parent or parent-in-law""]",,none
885,GENDER4,,,"[""female"", ""male""]",,none
886,OLD4,,,"[""d"", ""c"", ""b"", ""e""]",,none
887,MAR4,,,"[""married"", ""never married"", ""divorced"", ""separated"", ""widowed""]",,none
888,WHERE4,,,"[""another household"", ""institution"", ""traveling""]",,none
889,RELATE5,,,"[""grand or great-grandchild"", ""other relative"", ""child"", ""non-relative"", ""son or daughter-in-law"", ""parent or parent-in-law""]",,none
890,GENDER5,,,"[""female"", ""male""]",,none
891,OLD5,,,"[""d"", ""c"", ""e""]",,none
892,MAR5,,,"[""divorced"", ""never married"", ""married"", ""widowed"", ""separated""]",,none
893,WHERE5,,,"[""another household"", ""institution"", ""traveling""]",,none
894,RELATE6,,,"[""child"", ""other relative"", ""parent or parent-in-law"", ""grand or great-grandchild"", ""son or daughter-in-law""]",,none
895,GENDER6,,,"[""female"", ""male""]",,none
896,OLD6,,,"[""c"", ""e""]",,none
897,MAR6,,,"[""never married"", ""widowed"", ""married"", ""divorced""]",,none
898,WHERE6,,,"[""another household"", ""traveling""]",,none
899,RELATE7,,,"[""grand or great-grandchild"", ""child"", ""other relative""]",,none
900,GENDER7,,,"[""female"", ""male""]",,none
901,OLD7,,,"[""d"", ""c"", ""e"", ""b""]",,none
902,RELATE8,,,"[""grand or great-grandchild"", ""child""]",,none
903,GENDER8,,,"[""male"", ""female""]",,none
904,OLD8,,,"[""d"", ""c"", ""e"", ""b""]",,none
905,RELATE9,,,"[""grand or great-grandchild"", ""child""]",,none
906,GENDER9,,,"[""female"", ""male""]",,none
907,OLD9,,,"[""c"", ""e"", ""d"", ""b""]",,none
908,RELATE10,,,"[""grand or great-grandchild"", ""child""]",,none
909,OLD10,,,"[""c"", ""e"", ""b""]",,none
910,RELATE11,,,"[""child"", ""grand or great-grandchild"", ""parent or parent-in-law"", ""other relative"", ""non-relative""]",,none
911,GENDER11,,,"[""male"", ""female""]",,none
912,OLD11,,,"[""c"", ""b"", ""e"", ""d""]",,none
913,MAR11,,,"[""separated"", ""never married"", ""widowed"", ""divorced"", ""married""]",,none
914,WHERE11,,,"[""institution"", ""another household""]",,none
915,RELATE12,,,"[""parent or parent-in-law"", ""non-relative""]",,none
916,OLD12,,,"[""e"", ""c"", ""b"", ""d""]",,none
917,MAR12,,,"[""widowed"", ""divorced"", ""married""]",,none
918,RELHHD2,,,"[""parent"", ""other relative-great-aunt,grandniece,etc.-"", ""niece or nephew"", ""roommate,housemate"", ""sibling-in-law"", ""brother,sister-full,half, or step sibling-"", ""child,natural or adopted,stepchild"", ""spouse"", ""partner,fiance-e-,boyfriend,girlfriend,etc"", ""friend"", ""cousin"", ""grandchild,great-granchild"", ""son-in-law,daughter-in-law"", ""parent-in-law"", ""other non-relative-employee,boarder-""]",,none
919,RELHHD3,,,"[""sibling-in-law"", ""parent"", ""other relative-great-aunt,grandniece,etc.-"", ""grandchild,great-granchild"", ""brother,sister-full,half, or step sibling-"", ""child,natural or adopted,stepchild"", ""roommate,housemate"", ""cousin"", ""son-in-law,daughter-in-law"", ""niece or nephew"", ""parent-in-law"", ""child of non-relative"", ""friend"", ""other non-relative-employee,boarder-"", ""uncle or aunt"", ""partner,fiance-e-,boyfriend,girlfriend,etc""]",,none
920,RELHHD4,,,"[""other relative-great-aunt,grandniece,etc.-"", ""cousin"", ""friend"", ""grandchild,great-granchild"", ""son-in-law,daughter-in-law"", ""child,natural or adopted,stepchild"", ""roommate,housemate"", ""sibling-in-law"", ""parent-in-law"", ""child of non-relative"", ""niece or nephew"", ""brother,sister-full,half, or step sibling-"", ""uncle or aunt"", ""other non-relative-employee,boarder-"", ""parent""]",,none
921,RELHHD5,,,"[""grandchild,great-granchild"", ""cousin"", ""other relative-great-aunt,grandniece,etc.-"", ""child,natural or adopted,stepchild"", ""partner,fiance-e-,boyfriend,girlfriend,etc"", ""roommate,housemate"", ""child of non-relative"", ""niece or nephew"", ""son-in-law,daughter-in-law"", ""parent-in-law"", ""parent""]",,none
922,RELHHD6,,,"[""child,natural or adopted,stepchild"", ""other relative-great-aunt,grandniece,etc.-"", ""parent-in-law"", ""grandchild,great-granchild"", ""son-in-law,daughter-in-law"", ""parent""]",,none
923,RELHHD7,,,"[""grandchild,great-granchild"", ""child,natural or adopted,stepchild"", ""niece or nephew""]",,none
924,RELHHD8,,,"[""grandchild,great-granchild"", ""child,natural or adopted,stepchild""]",,none
925,RELHHD9,,,"[""grandchild,great-granchild"", ""child,natural or adopted,stepchild""]",,none
926,RELHHD10,,,"[""grandchild,great-granchild"", ""child,natural or adopted,stepchild""]",,none
927,RELHHD11,,,"[""child,natural or adopted,stepchild"", ""grandchild,great-granchild"", ""parent"", ""friend"", ""sibling-in-law"", ""brother,sister-full,half, or step sibling-"", ""parent-in-law"", ""roommate,housemate"", ""partner,fiance-e-,boyfriend,girlfriend,etc""]",,none
928,RELHHD12,,,"[""parent-in-law"", ""friend""]",,none
929,hefinfo,,,"[""not in household"", ""3rd person"", ""2nd person"", ""1st person"", ""5th person"", ""4th person"", ""11th person""]",,none
930,hhrace,,,"[""asiatic, oriental"", ""black"", ""white"", ""other, mixed"", ""amer indian""]",,none
931,respnum,,,"[""3rd person"", ""1st person"", ""2nd person"", ""5th person"", ""4th person"", ""11th person"", ""6th person""]",,none
932,hhtype,,,"[""2as,ntmar,ntrel,smsex,1+ks"", ""2adlts,dkmar,1+kids"", ""3adlts,2mar,rel,0kids"", ""3adlts,2mar,ntrel,rel,0kids"", ""2as,ntmar,ntrel,smsex,0ks"", ""2adlts,dkmar,0kids"", ""3adlts,1mar,rel,rel,0kids"", ""3adlts,2mar,sp,rel,0kids"", ""4+adlts,0mar,0kids"", ""4+adlts,0mar,1+kids"", ""2adlts,mar,1+kids"", ""3adlts,0mar,ntrel,rel,0kids"", ""2adlts,mar,0kids"", ""1adlt,0kids"", ""3adlts,0mar,rel,0kids"", ""4+adlts,2mar,1+kids"", ""2adlts,ntmar,rel,1+kids"", ""2as,ntmar,ntrel,opsex,0ks"", ""1adlt,1+kids"", ""4+adlts,4+mar,1+kids"", ""2as,ntmar,ntrel,opsex,1+ks"", ""2adlts,ntmar,rel,0kids"", ""3adlts,2mar,sp,rel,1+kids"", ""4+adlts,2mar,0kids"", ""3adlts,0mar,ntrel,1+kids"", ""4+adlts,4+mar,0kids"", ""2adlts,ntmar,dkrel,1+kids"", ""4+adlts,1mar,0kids"", ""3adlts,0mar,rel,1+kids"", ""3adlts,2mar,rel,1+kids"", ""2adlts,ntmar,dkrel,0kids"", ""3adlts,3mar,sp,rel,0kids"", ""3adlts,0mar,ntrel,0kids"", ""3adlts,0mar,ntrel,rel,1+kids"", ""4+adlts,3mar,0kids"", ""3adlts,1mar,rel,ntrel,0kids"", ""3adlts,3mar,sp,rel,1+kids"", ""3adlts,0mar,sp,rel,0kids"", ""3adlts,1mar,ntrel,0kids""]",,none
933,HHTYPE1,household type (condensed),household type (condensed),"[""non-family w children"", ""non-family, no children"", ""unsure w children"", ""cohab couple w children"", ""single parent"", ""cohab couple, no children"", ""married couple, no children"", ""other family w children"", ""other fam., no children"", ""single adult"", ""married couple w children"", ""unsure, no children""]",2024,dtag:maps/gss/gss_2024_map.csv#YEAR_SPECIFIC
934,famgen,number of family generations in household,number of family generations in household,"[""2 gens, grandchldrn"", ""2 gens, parents"", ""3 gens, grandchldrn"", ""2 gens, children"", ""3 gens, chld, par"", ""1 gen"", ""4 gens""]",2024,dtag:maps/gss/gss_2024_map.csv#YEAR_SPECIFIC
935,rplace,r's relationship to household head,r's relationship to household head,"[""son or daughter-in-law"", ""other relative"", ""child"", ""head of household"", ""spouse"", ""non-relative"", ""parent or parent-in-law"", ""grand or great-grandchild""]",2024,dtag:maps/gss/gss_2024_map.csv#YEAR_SPECIFIC
936,rvisitor,,,"[""r. is household member"", ""r. is visitor""]",,none
937,visitors,number of visitor's in household,number of visitor's in household,"[""1 visitor"", ""no visitors"", ""2 visitors""]",2024,dtag:maps/gss/gss_2024_map.csv#YEAR_SPECIFIC
938,RELHH2,,,"[""brother, sister"", ""other relative"", ""roommate, housemate"", ""sibling-in-law"", ""parent"", ""child, unsp"", ""biological child"", ""spouse"", ""niece or nephew"", ""partner,girl(boy)friend"", ""friend"", ""cousin"", ""son (daughter)-in-law"", ""grandchild, great grandchild"", ""parent-in-law"", ""other non-rlative""]",,none
939,RELHH3,,,"[""other relative"", ""brother, sister"", ""grandchild, great grandchild"", ""sibling-in-law"", ""stepchild"", ""biological child"", ""parent"", ""child, unsp"", ""roommate, housemate"", ""cousin"", ""niece or nephew"", ""son (daughter)-in-law"", ""parent-in-law"", ""child of non-relative"", ""friend"", ""adopted child"", ""other non-rlative"", ""uncle or aunt"", ""partner,girl(boy)friend""]",,none
940,RELHH4,,,"[""friend"", ""other relative"", ""cousin"", ""biological child"", ""grandchild, great grandchild"", ""stepchild"", ""son (daughter)-in-law"", ""child, unsp"", ""roommate, housemate"", ""sibling-in-law"", ""parent-in-law"", ""niece or nephew"", ""child of non-relative"", ""brother, sister"", ""uncle or aunt"", ""adopted child"", ""other non-rlative"", ""parent""]",,none
941,RELHH5,,,"[""grandchild, great grandchild"", ""cousin"", ""other relative"", ""child, unsp"", ""stepchild"", ""biological child"", ""partner,girl(boy)friend"", ""roommate, housemate"", ""niece or nephew"", ""adopted child"", ""child of non-relative"", ""son (daughter)-in-law"", ""parent-in-law"", ""parent""]",,none
942,RELHH6,,,"[""child, unsp"", ""other relative"", ""parent-in-law"", ""grandchild, great grandchild"", ""adopted child"", ""son (daughter)-in-law"", ""parent"", ""stepchild"", ""biological child""]",,none
943,RELHH7,,,"[""grandchild, great grandchild"", ""adopted child"", ""child, unsp"", ""niece or nephew"", ""biological child""]",,none
944,RELHH8,,,"[""grandchild, great grandchild"", ""biological child"", ""child, unsp""]",,none
945,RELHH9,,,"[""grandchild, great grandchild"", ""child, unsp"", ""adopted child""]",,none
946,RELHH10,,,"[""grandchild, great grandchild"", ""child, unsp""]",,none
947,RELHH11,,,"[""child, unsp"", ""grandchild, great grandchild"", ""parent"", ""friend"", ""sibling-in-law"", ""brother, sister"", ""parent-in-law"", ""roommate, housemate"", ""partner,girl(boy)friend""]",,none
948,RELHH12,,,"[""parent-in-law"", ""friend""]",,none
949,RELSP1,,,"[""partner, fiance, boyfriend, girlfriend, etc"", ""spouse""]",,none
950,RELSP3,,,"[""brother, sister (full, half, or step sibling"", ""parent-in-law"", ""sibling-in-law"", ""stepchild"", ""grandchild, great-grandchild"", ""biological child"", ""child, not specified"", ""roommate, housemate"", ""niece or nephew"", ""adopted child"", ""son-in-law, daughter-in-law"", ""parent"", ""child of non-relative"", ""cousin"", ""other non-relative (employee, boarder)""]",,none
951,RELSP4,,,"[""son-in-law, daughter-in-law"", ""friend"", ""stepchild"", ""grandchild, great-grandchild"", ""biological child"", ""child, not specified"", ""roommate, housemate"", ""brother, sister (full, half, or step sibling"", ""parent"", ""grandparent, great-grandparent"", ""sibling-in-law"", ""adopted child"", ""niece or nephew"", ""cousin"", ""child of non-relative""]",,none
952,RELSP5,,,"[""stepchild"", ""grandchild, great-grandchild"", ""biological child"", ""child, not specified"", ""roommate, housemate"", ""niece or nephew"", ""adopted child"", ""son-in-law, daughter-in-law"", ""parent"", ""parent-in-law"", ""child of non-relative"", ""other non-relative (employee, boarder)""]",,none
953,RELSP6,,,"[""child, not specified"", ""parent"", ""grandchild, great-grandchild"", ""adopted child"", ""son-in-law, daughter-in-law"", ""parent-in-law"", ""biological child"", ""child of non-relative"", ""other non-relative (employee, boarder)""]",,none
954,RELSP7,,,"[""grandchild, great-grandchild"", ""adopted child"", ""child, not specified"", ""niece or nephew"", ""biological child""]",,none
955,RELSP8,,,"[""grandchild, great-grandchild"", ""stepchild"", ""child, not specified""]",,none
956,RELSP9,,,"[""grandchild, great-grandchild"", ""child, not specified"", ""adopted child""]",,none
957,RELSP10,,,"[""grandchild, great-grandchild"", ""child, not specified""]",,none
958,RELSP11,,,"[""child, not specified"", ""grandchild, great-grandchild"", ""brother, sister (full, half, or step sibling"", ""sibling-in-law"", ""friend"", ""parent-in-law"", ""uncle or aunt"", ""roommate, housemate"", ""parent""]",,none
959,RELSP12,,,"[""parent"", ""friend""]",,none
960,dateintv,date of interview,date of interview,"[""516"", ""617"", ""911"", ""1024"", ""501"", ""913"", ""430"", ""602"", ""702"", ""510"", ""1109"", ""413"", ""417"", ""729"", ""1017"", ""722"", ""1013"", ""830"", ""422"", ""621"", ""714"", ""825"", ""926"", ""731"", ""512"", ""928"", ""615"", ""418"", ""428"", ""812"", ""625"", ""1009"", ""624"", ""506"", ""626"", ""601"", ""803"", ""709"", ""805"", ""816"", ""903"", ""827"", ""502"", ""806"", ""423"", ""619"", ""426"", ""824"", ""420"", ""923"", ""424"", ""522"", ""504"", ""910"", ""815"", ""425"", ""618"", ""1003"", ""804"", ""520"", ""628"", ""505"", ""630"", ""517"", ""627"", ""1015"", ""1022"", ""508"", ""514"", ""524"", ""622"", ""611"", ""810"", ""525"", ""1019"", ""1107"", ""604"", ""620"", ""511"", ""531"", ""614"", ""503"", ""1016"", ""623"", ""920"", ""907"", ""507"", ""616"", ""807"", ""415"", ""509"", ""610"", ""705"", ""1001"", ""906"", ""603"", ""523"", ""519"", ""819"", ""822"", ""925"", ""811"", ""419"", ""527"", ""518"", ""629"", ""521"", ""528"", ""414"", ""526"", ""421"", ""813"", ""814"", ""820"", ""427"", ""1010"", ""1018"", ""515"", ""1101"", ""802"", ""908"", ""918"", ""703"", ""717"", ""429"", ""927"", ""719"", ""715"", ""929"", ""823"", ""1008"", ""1011"", ""808"", ""612"", ""1007"", ""605"", ""727"", ""817"", ""1110"", ""901"", ""1031"", ""716"", ""718"", ""712"", ""1029"", ""416"", ""613"", ""826"", ""1106"", ""921"", ""726"", ""609"", ""917"", ""529"", ""608"", ""706"", ""1102"", ""914"", ""607"", ""818"", ""710"", ""730"", ""1027"", ""930"", ""922"", ""831"", ""809"", ""606"", ""723"", ""1104"", ""724"", ""1006"", ""711"", ""713"", ""1014"", ""1005"", ""412"", ""801"", ""1030"", ""916"", ""530"", ""1012"", ""725"", ""1004"", ""720"", ""915"", ""1002"", ""829"", ""905"", ""912"", ""701"", ""924"", ""1105"", ""513"", ""904"", ""721"", ""902"", ""828"", ""909"", ""1020"", ""1028"", ""821"", ""1021"", ""1103"", ""708""]",2022,dtag:maps/gss/gss_2022_map.csv#YEAR_SPECIFIC
961,ISCO88,,,"[""e"", ""b"", ""d"", ""c""]",,none
962,PAISCO88,,,"[""d"", ""e"", ""b"", ""c""]",,none
963,MAISCO88,,,"[""d"", ""b"", ""e"", ""c""]",,none
964,SPISCO88,,,"[""b"", ""d"", ""c"", ""e""]",,none
965,ISCO08,,,"[""construction managers"", ""civil engineers"", ""metal working machine tool setters and operators"", ""contact centre information clerks"", ""medical records and health information technicians"", ""gardeners, horticultural and nursery growers"", ""chemical and physical science technicians"", ""sales demonstrators"", ""civil engineering technicians"", ""medical and pharmaceutical technicians"", ""manufacturing supervisors"", ""archivists and curators"", ""shop supervisors"", ""construction supervisors"", ""creative and performing artists not elsewhere classified"", ""office supervisors"", ""garden and horticultural labourers"", ""sales workers"", ""medical and dental prosthetic technicians"", ""contact centre salespersons"", ""lawyers"", ""air conditioning and refrigeration mechanics"", ""food service counter attendants"", ""vehicle cleaners"", ""statistical, finance and insurance clerks"", ""assemblers not elsewhere classified"", ""conference and event planners"", ""sewing machine operators"", ""plumbers and pipe fitters"", ""primary school teachers"", ""management and organization analysts"", ""physiotherapy technicians and assistants"", ""sign writers, decorative painters, engravers and etchers"", ""psychologists"", ""production clerks"", ""building architects"", ""real estate agents and property managers"", ""teachers' aides"", ""social welfare managers"", ""sales workers not elsewhere classified"", ""home-based personal care workers"", ""accounting and bookkeeping clerks"", ""advertising and marketing professionals"", ""motor vehicle mechanics and repairers"", ""food and beverage tasters and graders"", ""hairdressers"", ""waiters"", ""cleaners and helpers in offices, hotels and other establishments"", ""manufacturing labourers not elsewhere classified"", ""nursing associate professionals"", ""food and related products machine operators"", ""odd job persons"", ""health care assistants"", ""receptionists (general)"", ""heavy truck and lorry drivers"", ""interior designers and decorators"", ""electrical mechanics and fitters"", ""domestic cleaners and helpers"", ""general office clerks"", ""mail carriers and sorting clerks"", ""social work and counselling professionals"", ""carpenters and joiners"", ""personnel and careers professionals"", ""computer network professionals"", ""medical imaging and therapeutic equipment technicians"", ""kitchen helpers"", ""product graders and testers (excluding foods and beverages)"", ""steam engine and boiler operators"", ""clearing and forwarding agents"", ""mechanical engineering technicians"", ""finance managers"", ""software developers"", ""supply, distribution and related managers"", ""managing directors and chief executives"", ""stock clerks"", ""business services and administration managers not elsewhere classified"", ""chemists"", ""medical secretaries"", ""audiologists and speech therapists"", ""nursing professionals"", ""plasterers"", ""child care workers"", ""health services managers"", ""photographers"", ""cashiers and ticket clerks"", ""buyers"", ""systems analysts"", ""medical and pathology laboratory technicians"", ""insurance representatives"", ""police inspectors and detectives"", ""bank tellers and related clerks"", ""sales and marketing managers"", ""specialist medical practitioners"", ""restaurant managers"", ""personal service workers"", ""shop sales assistants"", ""commercial sales representatives"", ""packing, bottling and labelling machine operators"", ""bus and tram drivers"", ""librarians and related information professionals"", ""securities and finance dealers and brokers"", ""human resource managers"", ""information and communications technology service managers"", ""rubber products machine operators"", ""secondary education teachers"", ""applications programmers"", ""business services agents not elsewhere classified"", ""cooks"", ""agricultural and industrial machinery mechanics and repairers"", ""police officers"", ""hand packers"", ""authors and related writers"", ""journalists"", ""dentists"", ""medical assistants"", ""protective services workers not elsewhere classified"", ""accountants"", ""environmental and occupational health and hygiene professionals"", ""administrative and executive secretaries"", ""travel guides"", ""education managers"", ""prison guards"", ""web and multimedia developers"", ""beauticians and related workers"", ""fire-fighters"", ""elementary workers not elsewhere classified"", ""database and network professionals not elsewhere classified"", ""information and communications technology installers and servicers"", ""laundry machine operators"", ""dancers and choreographers"", ""financial analysts"", ""government social benefits officials"", ""structural-metal preparers and erectors"", ""welders and flamecutters"", ""cartographers and surveyors"", ""metal finishing, plating and coating machine operators"", ""pharmacists"", ""building construction labourers"", ""judges"", ""dental assistants and therapists"", ""crop farm labourers"", ""database designers and administrators"", ""car, taxi and van drivers"", ""agricultural and forestry production managers"", ""personnel clerks"", ""mechanical engineers"", ""information and communications technology user support technicians"", ""broadcasting and audio-visual technicians"", ""special needs teachers"", ""air traffic controllers"", ""teaching professionals not elsewhere classified"", ""dispensing opticians"", ""credit and loans officers"", ""cleaning and housekeeping supervisors in offices, hotels and other establishments"", ""travel consultants and clerks"", ""building and related electricians"", ""university and higher education teachers"", ""financial and investment advisers"", ""science and engineering associate professionals"", ""aircraft engine mechanics and repairers"", ""chefs"", ""research and development managers"", ""health professionals not elsewhere classified"", ""biologists, botanists, zoologists and related professionals"", ""telephone switchboard operators"", ""debt-collectors and related workers"", ""fitness and recreation instructors and program leaders"", ""security guards"", ""civil engineering labourers"", ""messengers, package deliverers and luggage porters"", ""power production plant operators"", ""payroll clerks"", ""dieticians and nutritionists"", ""industrial and production engineers"", ""personal care workers in health services not elsewhere classified"", ""early childhood educators"", ""garbage and recycling collectors"", ""lifting truck operators"", ""senior government officials"", ""armed forces occupations, other ranks"", ""process control technicians"", ""religious professionals"", ""hotel receptionists"", ""survey and market research interviewers"", ""clerical support workers not elsewhere classified"", ""farming, forestry and fisheries advisers"", ""statistical, mathematical and related associate professionals"", ""service station attendants"", ""systems administrators"", ""mining and metallurgical technicians"", ""data entry clerks"", ""floor layers and tile setters"", ""roofers"", ""manufacturing managers"", ""electrical and electronic equipment assemblers"", ""physiotherapists"", ""valuers and loss assessors"", ""musicians, singers and composers"", ""field crop and vegetable growers"", ""religious associate professionals"", ""toolmakers and related workers"", ""engineering professionals not elsewhere classified"", ""painters and related workers"", ""paramedical practitioners"", ""bakers, pastry-cooks and confectionery makers"", ""government tax and excise officials"", ""sheet-metal workers"", ""electrical engineers"", ""visual artists"", ""ambulance workers"", ""client information workers not elsewhere classified"", ""sports coaches, instructors and officials"", ""hotel managers"", ""electrical line installers and repairers"", ""fumigators and other pest and weed controllers"", ""library clerks"", ""wood processing plant operators"", ""training and staff development professionals"", ""textile, fur and leather products machine operators not elsewhere classified"", ""pre-press technicians"", ""butchers, fishmongers and related food preparers"", ""sewing, embroidery and related workers"", ""government licensing officials"", ""veterinarians"", ""sports, recreation and cultural centre managers"", ""advertising and public relations managers"", ""locomotive engine drivers and related workers"", ""geologists and geophysicists"", ""undertakers and embalmers"", ""personal services workers not elsewhere classified"", ""mineral and stone processing plant operators"", ""travel attendants and travel stewards"", ""metal processing plant operators"", ""bricklayers and related workers"", ""earthmoving and related plant operators"", ""chemical engineers"", ""meteorologists"", ""commissioned armed forces officers"", ""public relations professionals"", ""aircraft pilots and related associate professionals"", ""mining engineers, metallurgists and related professionals"", ""forestry labourers"", ""glaziers"", ""crane, hoist and related plant operators"", ""bookmakers, croupiers and related gaming workers"", ""shoemakers and related workers"", ""ships' deck crews and related workers"", ""jewellery and precious-metal workers"", ""electronics mechanics and servicers"", ""typists and word processing operators"", ""well drillers and borers and related workers"", ""miners and quarriers"", ""ships' engineers"", ""information and communications technology operations technicians"", ""locomotive engine drivers"", ""social work associate professionals"", ""woodworking-machine tool setters and operators"", ""stationary plant and machine operators""]",,none
966,PAISCO08,,,"[""buyers"", ""agricultural and industrial machinery mechanics and repairers"", ""police officers"", ""sales and marketing managers"", ""accountants"", ""gardeners, horticultural and nursery growers"", ""training and staff development professionals"", ""metal processing plant operators"", ""building and related electricians"", ""university and higher education teachers"", ""welders and flamecutters"", ""glass and ceramics plant operators"", ""metal moulders and coremakers"", ""aircraft engine mechanics and repairers"", ""electrical line installers and repairers"", ""information and communications technology service managers"", ""odd job persons"", ""information and communications technology user support technicians"", ""sewing, embroidery and related workers"", ""medical and dental prosthetic technicians"", ""bakers, pastry-cooks and confectionery makers"", ""assemblers not elsewhere classified"", ""restaurant managers"", ""announcers on radio, television and other media"", ""shop supervisors"", ""general office clerks"", ""chemical processing plant controllers"", ""insurance representatives"", ""police inspectors and detectives"", ""commercial sales representatives"", ""construction managers"", ""vehicle cleaners"", ""crop farm labourers"", ""journalists"", ""metal finishing, plating and coating machine operators"", ""social work and counselling professionals"", ""mail carriers and sorting clerks"", ""floor layers and tile setters"", ""civil engineers"", ""information and communications technology installers and servicers"", ""specialist medical practitioners"", ""toolmakers and related workers"", ""business services and administration managers not elsewhere classified"", ""construction supervisors"", ""office supervisors"", ""concrete placers, concrete finishers and related workers"", ""managing directors and chief executives"", ""supply, distribution and related managers"", ""cooks"", ""veterinarians"", ""sales workers"", ""garden and horticultural labourers"", ""carpenters and joiners"", ""car, taxi and van drivers"", ""software developers"", ""sociologists, anthropologists and related professionals"", ""metal working machine tool setters and operators"", ""fire-fighters"", ""structural-metal preparers and erectors"", ""lifting truck operators"", ""bartenders"", ""dentists"", ""shop sales assistants"", ""armed forces occupations, other ranks"", ""shoemakers and related workers"", ""field crop and vegetable growers"", ""photographers"", ""cashiers and ticket clerks"", ""industrial and production engineers"", ""manufacturing supervisors"", ""ambulance workers"", ""forestry labourers"", ""interior designers and decorators"", ""heavy truck and lorry drivers"", ""bus and tram drivers"", ""sewing machine operators"", ""civil engineering technicians"", ""teaching professionals not elsewhere classified"", ""waiters"", ""hairdressers"", ""secondary education teachers"", ""applications programmers"", ""garbage and recycling collectors"", ""manufacturing labourers not elsewhere classified"", ""cleaners and helpers in offices, hotels and other establishments"", ""printers"", ""education managers"", ""upholsterers and related workers"", ""advertising and marketing professionals"", ""plumbers and pipe fitters"", ""primary school teachers"", ""agricultural and forestry production managers"", ""mechanical engineering technicians"", ""finance managers"", ""real estate agents and property managers"", ""advertising and public relations managers"", ""motor vehicle mechanics and repairers"", ""locomotive engine drivers"", ""nursing professionals"", ""financial and investment advisers"", ""statistical, finance and insurance clerks"", ""underwater divers"", ""biologists, botanists, zoologists and related professionals"", ""protective services workers not elsewhere classified"", ""lawyers"", ""manufacturing managers"", ""systems analysts"", ""pulp and papermaking plant operators"", ""securities and finance dealers and brokers"", ""food and beverage tasters and graders"", ""pre-press technicians"", ""mechanical engineers"", ""research and development managers"", ""hand packers"", ""paper products machine operators"", ""miners and quarriers"", ""religious professionals"", ""other artistic and cultural associate professionals"", ""incinerator and water treatment plant operators"", ""management and organization analysts"", ""commissioned armed forces officers"", ""pharmacists"", ""steam engine and boiler operators"", ""prison guards"", ""telephone switchboard operators"", ""stock clerks"", ""geologists and geophysicists"", ""database and network professionals not elsewhere classified"", ""air traffic controllers"", ""personnel and careers professionals"", ""sales workers not elsewhere classified"", ""engineering professionals not elsewhere classified"", ""ships' deck officers and pilots"", ""business services agents not elsewhere classified"", ""air conditioning and refrigeration mechanics"", ""building construction labourers"", ""mechanical machinery assemblers"", ""contact centre information clerks"", ""laundry machine operators"", ""food and related products machine operators"", ""undertakers and embalmers"", ""service station attendants"", ""database designers and administrators"", ""hotel managers"", ""building architects"", ""debt-collectors and related workers"", ""civil engineering labourers"", ""railway brake, signal and switch operators"", ""travel consultants and clerks"", ""roofers"", ""security guards"", ""sheet-metal workers"", ""locomotive engine drivers and related workers"", ""painters and related workers"", ""environmental and occupational health inspectors and associates"", ""optometrists and ophthalmic opticians"", ""earthmoving and related plant operators"", ""product graders and testers (excluding foods and beverages)"", ""medical imaging and therapeutic equipment technicians"", ""financial analysts"", ""crane, hoist and related plant operators"", ""ships' deck crews and related workers"", ""butchers, fishmongers and related food preparers"", ""messengers, package deliverers and luggage porters"", ""building frame and related trades workers not elsewhere classified"", ""psychologists"", ""valuers and loss assessors"", ""personal care workers in health services not elsewhere classified"", ""electrical engineers"", ""teaching professionals"", ""paramedical practitioners"", ""agricultural technicians"", ""insulation workers"", ""aircraft pilots and related associate professionals"", ""film, stage and related directors and producers"", ""health services managers"", ""meter readers and vending-machine collectors"", ""stationary plant and machine operators"", ""draughtspersons"", ""client information workers not elsewhere classified"", ""environmental engineers"", ""hand launderers and pressers"", ""physical and engineering science technicians not elsewhere classified"", ""mineral and stone processing plant operators"", ""kitchen helpers"", ""bricklayers and related workers"", ""packing, bottling and labelling machine operators"", ""travel attendants and travel stewards"", ""environmental and occupational health and hygiene professionals"", ""weaving and knitting machine operators"", ""chemical engineers"", ""visual artists"", ""health professionals not elsewhere classified"", ""chefs"", ""electrical and electronic equipment assemblers"", ""clearing and forwarding agents"", ""cartographers and surveyors"", ""metal polishers, wheel grinders and tool sharpeners"", ""personnel clerks"", ""personal services workers not elsewhere classified"", ""electronics engineers"", ""bank tellers and related clerks"", ""health associate professionals not elsewhere classified"", ""mathematicians, actuaries and statisticians"", ""health care assistants"", ""domestic cleaners and helpers"", ""electrical mechanics and fitters"", ""production clerks"", ""cabinet-makers and related workers"", ""mining and metallurgical technicians"", ""textile, fur and leather products machine operators not elsewhere classified"", ""rubber products machine operators"", ""judges"", ""pet groomers and animal care workers"", ""electronics mechanics and servicers"", ""town and traffic planners"", ""mining engineers, metallurgists and related professionals"", ""petroleum and natural gas refining plant operators"", ""administrative and executive secretaries"", ""plasterers"", ""filing and copying clerks"", ""government licensing officials"", ""physicists and astronomers"", ""well drillers and borers and related workers"", ""process control technicians"", ""wood processing plant operators"", ""credit and loans officers"", ""inland and coastal waters fishery workers"", ""motorcycle drivers"", ""non-commissioned armed forces officers"", ""farming, forestry and fisheries advisers""]",,none
967,MAISCO08,,,"[""telephone switchboard operators"", ""food service counter attendants"", ""electrical engineers"", ""prison guards"", ""travel consultants and clerks"", ""shop supervisors"", ""social work and counselling professionals"", ""mail carriers and sorting clerks"", ""translators, interpreters and other linguists"", ""early childhood educators"", ""bakers, pastry-cooks and confectionery makers"", ""electrical and electronic equipment assemblers"", ""health services managers"", ""child care workers"", ""primary school teachers"", ""commercial sales representatives"", ""packing, bottling and labelling machine operators"", ""sewing machine operators"", ""payroll clerks"", ""dental assistants and therapists"", ""financial analysts"", ""university and higher education teachers"", ""manufacturing supervisors"", ""shop sales assistants"", ""general office clerks"", ""secondary education teachers"", ""cooks"", ""receptionists (general)"", ""clerical support workers not elsewhere classified"", ""health care assistants"", ""real estate agents and property managers"", ""specialist medical practitioners"", ""stock clerks"", ""business services and administration managers not elsewhere classified"", ""chemists"", ""special needs teachers"", ""shoemaking and related machine operators"", ""education managers"", ""manufacturing labourers not elsewhere classified"", ""cleaners and helpers in offices, hotels and other establishments"", ""nursing associate professionals"", ""teaching professionals not elsewhere classified"", ""clearing and forwarding agents"", ""cartographers and surveyors"", ""information and communications technology operations technicians"", ""nursing professionals"", ""teachers' aides"", ""protective services workers not elsewhere classified"", ""statistical, finance and insurance clerks"", ""visual artists"", ""finance managers"", ""dieticians and nutritionists"", ""office supervisors"", ""accounting and bookkeeping clerks"", ""home-based personal care workers"", ""painters and related workers"", ""domestic cleaners and helpers"", ""administrative and executive secretaries"", ""accountants"", ""sewing, embroidery and related workers"", ""waiters"", ""hairdressers"", ""food and beverage tasters and graders"", ""cashiers and ticket clerks"", ""interior designers and decorators"", ""heavy truck and lorry drivers"", ""bank tellers and related clerks"", ""religious associate professionals"", ""sales workers"", ""insurance representatives"", ""police inspectors and detectives"", ""butchers, fishmongers and related food preparers"", ""credit and loans officers"", ""travel attendants and travel stewards"", ""government social benefits officials"", ""data entry clerks"", ""medical and pathology laboratory technicians"", ""manufacturing managers"", ""pharmacists"", ""kitchen helpers"", ""contact centre information clerks"", ""valuers and loss assessors"", ""crop farm labourers"", ""photographic products machine operators"", ""photographers"", ""personnel and careers professionals"", ""building construction labourers"", ""managing directors and chief executives"", ""supply, distribution and related managers"", ""medical assistants"", ""sales and marketing managers"", ""biologists, botanists, zoologists and related professionals"", ""medical and pharmaceutical technicians"", ""agricultural and forestry production managers"", ""information and communications technology service managers"", ""medical imaging and therapeutic equipment technicians"", ""bus and tram drivers"", ""textile, fur and leather products machine operators not elsewhere classified"", ""print finishing and binding workers"", ""buyers"", ""hand packers"", ""librarians and related information professionals"", ""lawyers"", ""information and communications technology user support technicians"", ""optometrists and ophthalmic opticians"", ""health professionals not elsewhere classified"", ""motor vehicle mechanics and repairers"", ""bookmakers, croupiers and related gaming workers"", ""library clerks"", ""product graders and testers (excluding foods and beverages)"", ""personal care workers in health services not elsewhere classified"", ""social work associate professionals"", ""security guards"", ""management and organization analysts"", ""pulp and papermaking plant operators"", ""assemblers not elsewhere classified"", ""service station attendants"", ""audiologists and speech therapists"", ""aircraft engine mechanics and repairers"", ""weaving and knitting machine operators"", ""restaurant managers"", ""business services agents not elsewhere classified"", ""religious professionals"", ""personal service workers"", ""applications programmers"", ""software developers"", ""shoemakers and related workers"", ""human resource managers"", ""laundry machine operators"", ""government licensing officials"", ""production clerks"", ""conference and event planners"", ""hotel receptionists"", ""stationary plant and machine operators"", ""medical secretaries"", ""lifting truck operators"", ""survey and market research interviewers"", ""pet groomers and animal care workers"", ""building and related electricians"", ""hand launderers and pressers"", ""chefs"", ""civil engineers"", ""life science technicians (excluding medical)"", ""sales workers not elsewhere classified"", ""messengers, package deliverers and luggage porters"", ""archivists and curators"", ""handicraft workers in wood, basketry and related materials"", ""cleaning and housekeeping supervisors in offices, hotels and other establishments"", ""welders and flamecutters"", ""mechanical engineering technicians"", ""metal finishing, plating and coating machine operators"", ""armed forces occupations, other ranks"", ""sign writers, decorative painters, engravers and etchers"", ""filing and copying clerks"", ""miners and quarriers"", ""pre-press technicians"", ""bartenders"", ""authors and related writers"", ""hotel managers"", ""food and related products machine operators"", ""locomotive engine drivers and related workers"", ""creative and performing artists not elsewhere classified"", ""midwifery professionals"", ""medical records and health information technicians"", ""field crop and vegetable growers"", ""announcers on radio, television and other media"", ""personal services workers not elsewhere classified"", ""dentists"", ""sociologists, anthropologists and related professionals"", ""agricultural technicians"", ""sports, recreation and cultural centre managers"", ""travel guides"", ""rubber products machine operators""]",,none
968,SPISCO08,,,"[""general office clerks"", ""social welfare managers"", ""teaching professionals not elsewhere classified"", ""dental assistants and therapists"", ""medical assistants"", ""medical and dental prosthetic technicians"", ""food and related products machine operators"", ""information and communications technology user support technicians"", ""information and communications technology service managers"", ""fumigators and other pest and weed controllers"", ""human resource managers"", ""electrical engineers"", ""training and staff development professionals"", ""paper products machine operators"", ""shop supervisors"", ""bakers, pastry-cooks and confectionery makers"", ""locomotive engine drivers and related workers"", ""information and communications technology installers and servicers"", ""specialist medical practitioners"", ""primary school teachers"", ""web and multimedia developers"", ""carpenters and joiners"", ""production clerks"", ""building architects"", ""cashiers and ticket clerks"", ""car, taxi and van drivers"", ""medical imaging and therapeutic equipment technicians"", ""precision-instrument makers and repairers"", ""commercial sales representatives"", ""metal working machine tool setters and operators"", ""vehicle cleaners"", ""research and development managers"", ""health professionals not elsewhere classified"", ""chefs"", ""nursing associate professionals"", ""cleaners and helpers in offices, hotels and other establishments"", ""manufacturing labourers not elsewhere classified"", ""manufacturing managers"", ""sales demonstrators"", ""lawyers"", ""agricultural technicians"", ""sales and marketing managers"", ""clerical support workers not elsewhere classified"", ""health care assistants"", ""agricultural and industrial machinery mechanics and repairers"", ""upholsterers and related workers"", ""advertising and marketing professionals"", ""home-based personal care workers"", ""supply, distribution and related managers"", ""accountants"", ""administrative and executive secretaries"", ""paramedical practitioners"", ""software developers"", ""welders and flamecutters"", ""construction supervisors"", ""office supervisors"", ""business services and administration managers not elsewhere classified"", ""applications programmers"", ""secondary education teachers"", ""university and higher education teachers"", ""filing and copying clerks"", ""waiters"", ""hairdressers"", ""insurance representatives"", ""police inspectors and detectives"", ""cabinet-makers and related workers"", ""cooks"", ""business services agents not elsewhere classified"", ""shop sales assistants"", ""dieticians and nutritionists"", ""finance managers"", ""special needs teachers"", ""child care workers"", ""health services managers"", ""lifting truck operators"", ""dentists"", ""electrical and electronic trades workers"", ""actors"", ""mail carriers and sorting clerks"", ""social work and counselling professionals"", ""electrical mechanics and fitters"", ""heavy truck and lorry drivers"", ""interior designers and decorators"", ""building construction labourers"", ""motor vehicle mechanics and repairers"", ""accounting and bookkeeping clerks"", ""product graders and testers (excluding foods and beverages)"", ""aircraft engine mechanics and repairers"", ""protective services workers not elsewhere classified"", ""mechanical engineering technicians"", ""journalists"", ""contact centre information clerks"", ""broadcasting and audio-visual technicians"", ""service station attendants"", ""assemblers not elsewhere classified"", ""personal service workers"", ""early childhood educators"", ""medical and pharmaceutical technicians"", ""mechanical engineers"", ""authors and related writers"", ""food service counter attendants"", ""incinerator and water treatment plant operators"", ""mathematicians, actuaries and statisticians"", ""bus and tram drivers"", ""construction managers"", ""agricultural and forestry production managers"", ""engineering professionals not elsewhere classified"", ""geologists and geophysicists"", ""announcers on radio, television and other media"", ""fitness and recreation instructors and program leaders"", ""computer network professionals"", ""financial and investment advisers"", ""nursing professionals"", ""teachers' aides"", ""electronics mechanics and servicers"", ""security guards"", ""chemical engineers"", ""domestic cleaners and helpers"", ""sales workers"", ""earthmoving and related plant operators"", ""building and related electricians"", ""armed forces occupations, other ranks"", ""messengers, package deliverers and luggage porters"", ""personnel and careers professionals"", ""managing directors and chief executives"", ""prison guards"", ""information and communications technology operations technicians"", ""steam engine and boiler operators"", ""town and traffic planners"", ""database and network professionals not elsewhere classified"", ""real estate agents and property managers"", ""jewellery and precious-metal workers"", ""bookmakers, croupiers and related gaming workers"", ""securities and finance dealers and brokers"", ""garden and horticultural labourers"", ""financial analysts"", ""sales workers not elsewhere classified"", ""management and organization analysts"", ""sheet-metal workers"", ""translators, interpreters and other linguists"", ""stock clerks"", ""visual artists"", ""public relations professionals"", ""manufacturing supervisors"", ""aircraft pilots and related associate professionals"", ""physiotherapists"", ""plumbers and pipe fitters"", ""beauticians and related workers"", ""travel attendants and travel stewards"", ""butchers, fishmongers and related food preparers"", ""mining engineers, metallurgists and related professionals"", ""physiotherapy technicians and assistants"", ""floor layers and tile setters"", ""medical and pathology laboratory technicians"", ""clearing and forwarding agents"", ""pet groomers and animal care workers"", ""hand packers"", ""kitchen helpers"", ""conference and event planners"", ""personal services workers not elsewhere classified"", ""client information workers not elsewhere classified"", ""valuers and loss assessors"", ""personal care workers in health services not elsewhere classified"", ""education managers"", ""air conditioning and refrigeration mechanics"", ""religious associate professionals"", ""garbage and recycling collectors"", ""statistical, finance and insurance clerks"", ""laundry machine operators"", ""payroll clerks"", ""crop farm labourers"", ""railway brake, signal and switch operators"", ""religious professionals"", ""civil engineering technicians"", ""musicians, singers and composers"", ""field crop and vegetable growers"", ""bank tellers and related clerks"", ""typists and word processing operators"", ""odd job persons"", ""concrete placers, concrete finishers and related workers"", ""teaching professionals"", ""systems administrators"", ""audiologists and speech therapists"", ""structural-metal preparers and erectors"", ""bricklayers and related workers"", ""judges"", ""industrial and production engineers"", ""hotel managers"", ""government social benefits officials"", ""receptionists (general)"", ""archivists and curators"", ""photographic products machine operators"", ""civil engineers"", ""advertising and public relations managers"", ""garment and related pattern-makers and cutters"", ""pharmacists"", ""credit and loans officers"", ""police officers"", ""civil engineering labourers"", ""restaurant managers"", ""painters and related workers"", ""social work associate professionals"", ""health associate professionals not elsewhere classified"", ""library clerks"", ""packing, bottling and labelling machine operators"", ""handicraft workers in wood, basketry and related materials"", ""commissioned armed forces officers"", ""veterinarians"", ""government tax and excise officials"", ""chemical processing plant controllers"", ""systems analysts"", ""gardeners, horticultural and nursery growers"", ""sewing, embroidery and related workers"", ""forestry and related workers"", ""dancers and choreographers"", ""rubber products machine operators"", ""non-commissioned armed forces officers"", ""medical records and health information technicians"", ""farming, forestry and fisheries advisers"", ""woodworking-machine tool setters and operators"", ""optometrists and ophthalmic opticians"", ""ships' deck officers and pilots"", ""well drillers and borers and related workers"", ""miners and quarriers"", ""sewing machine operators"", ""mechanical machinery assemblers"", ""food and beverage tasters and graders"", ""mineral and stone processing plant operators"", ""metal processing plant operators"", ""stationary plant and machine operators"", ""fire-fighters"", ""senior government officials"", ""electrical line installers and repairers""]",,none
969,COISCO08,,,"[""social work and counselling professionals"", ""medical and dental prosthetic technicians"", ""finance managers"", ""applications programmers"", ""lifting truck operators"", ""shop supervisors"", ""specialist medical practitioners"", ""actors"", ""cleaners and helpers in offices, hotels and other establishments"", ""business services and administration managers not elsewhere classified"", ""health care assistants"", ""production clerks"", ""waiters"", ""manufacturing labourers not elsewhere classified"", ""teaching professionals not elsewhere classified"", ""administrative and executive secretaries"", ""welders and flamecutters"", ""cooks"", ""office supervisors"", ""building architects"", ""dentists"", ""hairdressers"", ""health services managers"", ""accounting and bookkeeping clerks"", ""shop sales assistants"", ""assemblers not elsewhere classified"", ""heavy truck and lorry drivers"", ""medical and pharmaceutical technicians"", ""mechanical engineers"", ""mathematicians, actuaries and statisticians"", ""sales and marketing managers"", ""domestic cleaners and helpers"", ""engineering professionals not elsewhere classified"", ""building and related electricians"", ""secondary education teachers"", ""motor vehicle mechanics and repairers"", ""announcers on radio, television and other media"", ""prison guards"", ""financial and investment advisers"", ""chemical engineers"", ""journalists"", ""carpenters and joiners"", ""real estate agents and property managers"", ""management and organization analysts"", ""early childhood educators"", ""building construction labourers"", ""product graders and testers (excluding foods and beverages)"", ""physiotherapy technicians and assistants"", ""floor layers and tile setters"", ""plumbers and pipe fitters"", ""nursing professionals"", ""beauticians and related workers"", ""supply, distribution and related managers"", ""police inspectors and detectives"", ""general office clerks"", ""garden and horticultural labourers"", ""broadcasting and audio-visual technicians"", ""stock clerks"", ""statistical, finance and insurance clerks"", ""personnel and careers professionals"", ""bank tellers and related clerks"", ""kitchen helpers"", ""health professionals not elsewhere classified"", ""crop farm labourers"", ""protective services workers not elsewhere classified"", ""accountants"", ""vehicle cleaners"", ""police officers"", ""contact centre information clerks"", ""cashiers and ticket clerks"", ""chefs"", ""incinerator and water treatment plant operators"", ""clerical support workers not elsewhere classified"", ""electrical mechanics and fitters"", ""teachers' aides"", ""university and higher education teachers"", ""civil engineering labourers"", ""painters and related workers"", ""receptionists (general)"", ""garment and related pattern-makers and cutters"", ""food service counter attendants"", ""hand packers"", ""packing, bottling and labelling machine operators"", ""jewellery and precious-metal workers"", ""conference and event planners"", ""cabinet-makers and related workers"", ""commercial sales representatives"", ""forestry and related workers"", ""mail carriers and sorting clerks"", ""metal working machine tool setters and operators"", ""farming, forestry and fisheries advisers"", ""bricklayers and related workers"", ""construction managers"", ""bus and tram drivers"", ""well drillers and borers and related workers"", ""metal processing plant operators"", ""bookmakers, croupiers and related gaming workers"", ""sales workers not elsewhere classified"", ""construction supervisors"", ""personal services workers not elsewhere classified""]",,none
970,SEI10,r's socioeconomic index (2010),r's socioeconomic index (2010),"[""e"", ""b"", ""d"", ""c""]",2022,dtag:maps/gss/gss_2022_map.csv#YEAR_SPECIFIC
971,SEI10EDUC,percentage of some college educ in occ10 based on acs 2010,percentage of some college educ in occ10 based on acs 2010,"[""e"", ""b"", ""d"", ""c""]",2024,dtag:maps/gss/gss_2024_map.csv#YEAR_SPECIFIC
972,SEI10INC,percentage of $45k+ earners in occ10 based on acs 2010,percentage of $45k+ earners in occ10 based on acs 2010,"[""e"", ""b"", ""d"", ""c""]",2024,dtag:maps/gss/gss_2024_map.csv#YEAR_SPECIFIC
973,PASEI10,r's father's (or oldest same-sex parent's) socioeconomic index (2010),r's father's (or oldest same-sex parent's) socioeconomic index (2010),"[""b"", ""e"", ""d"", ""c""]",2024,dtag:maps/gss/gss_2024_map.csv#YEAR_SPECIFIC
974,PASEI10EDUC,percentage of some college educ in paocc10 based on acs 2010,percentage of some college educ in paocc10 based on acs 2010,"[""b"", ""e"", ""d"", ""c""]",2024,dtag:maps/gss/gss_2024_map.csv#YEAR_SPECIFIC
975,PASEI10INC,percentage of $45k+ earners in paocc10 based on acs 2010,percentage of $45k+ earners in paocc10 based on acs 2010,"[""b"", ""c"", ""e"", ""d""]",2024,dtag:maps/gss/gss_2024_map.csv#YEAR_SPECIFIC
976,MASEI10,r's mother's (or youngest same-sex parent's) socioeconomic index (2010),r's mother's (or youngest same-sex parent's) socioeconomic index (2010),"[""b"", ""d"", ""e"", ""c""]",2024,dtag:maps/gss/gss_2024_map.csv#YEAR_SPECIFIC
977,MASEI10EDUC,percentage of some college educ in maocc10 based on acs 2010,percentage of some college educ in maocc10 based on acs 2010,"[""b"", ""d"", ""e"", ""c""]",2024,dtag:maps/gss/gss_2024_map.csv#YEAR_SPECIFIC
978,MASEI10INC,percentage of $45k+ earners in maocc10 based on acs 2010,percentage of $45k+ earners in maocc10 based on acs 2010,"[""b"", ""d"", ""e"", ""c""]",2024,dtag:maps/gss/gss_2024_map.csv#YEAR_SPECIFIC
979,SPSEI10,r's spouse's socioeconomic index (2010),r's spouse's socioeconomic index (2010),"[""d"", ""b"", ""c"", ""e""]",2022,dtag:maps/gss/gss_2022_map.csv#YEAR_SPECIFIC
980,SPSEI10EDUC,percentage of some college educ in spocc10 based on acs 2010,percentage of some college educ in spocc10 based on acs 2010,"[""d"", ""b"", ""c"", ""e""]",2024,dtag:maps/gss/gss_2024_map.csv#YEAR_SPECIFIC
981,SPSEI10INC,percentage of $45k+ earners in spocc10 based on acs 2010,percentage of $45k+ earners in spocc10 based on acs 2010,"[""d"", ""b"", ""c"", ""e""]",2024,dtag:maps/gss/gss_2024_map.csv#YEAR_SPECIFIC
982,COSEI10,partner's socioeconomic index (2010),partner's socioeconomic index (2010),"[""d"", ""c"", ""e"", ""b""]",2022,dtag:maps/gss/gss_2022_map.csv#YEAR_SPECIFIC
983,COSEI10EDUC,percentage of some college educ in coocc10 based on acs 2010,percentage of some college educ in coocc10 based on acs 2010,"[""d"", ""c"", ""b"", ""e""]",2024,dtag:maps/gss/gss_2024_map.csv#YEAR_SPECIFIC
984,COSEI10INC,percentage of $45k+ earners in coocc10 based on acs 2010,percentage of $45k+ earners in coocc10 based on acs 2010,"[""d"", ""b"", ""c"", ""e""]",2024,dtag:maps/gss/gss_2024_map.csv#YEAR_SPECIFIC
985,COPRES10,partner's occupational prestige score (2010),partner's occupational prestige score (2010),"[""d"", ""c"", ""b"", ""e""]",2022,dtag:maps/gss/gss_2022_map.csv#YEAR_SPECIFIC
986,COPRES105PLUS,partner's occupational prestige score using threshold method (2010),partner's occupational prestige score using threshold method (2010),"[""d"", ""c"", ""b"", ""e""]",2024,dtag:maps/gss/gss_2024_map.csv#YEAR_SPECIFIC
987,uswary,,,"[""no"", ""yes""]",,none
988,cohort,year of birth,year of birth,"[""b"", ""a"", ""d"", ""c"", ""e""]",2022,dtag:maps/gss/gss_2022_map.csv#YEAR_SPECIFIC
989,zodiac,respondents astrological sign,respondents astrological sign,"[""aquarius"", ""taurus"", ""cancer"", ""leo"", ""libra"", ""sagittarius"", ""gemini"", ""scorpio"", ""capricorn"", ""pisces"", ""aries"", ""virgo""]",2022,dtag:maps/gss/gss_2022_map.csv#YEAR_SPECIFIC
990,inthisp,,,"[""cuban"", ""other, not specified"", ""puerto rican"", ""not hispanic"", ""mexican, mexican american, chicano/a""]",,none
991,INTRACE1,,,"[""filipino"", ""some other race"", ""asian indian"", ""other asian"", ""black or african"", ""white"", ""chinese"", ""other pacific islander"", ""american indian""]",,none
992,INTRACE2,,,"[""some other race"", ""white"", ""asian indian"", ""chinese"", ""american indian"", ""black or african""]",,none
993,INTRACE3,,,"[""white"", ""some other race"", ""american indian""]",,none
994,WHOELSE1,,,"[""yes"", ""no""]",,none
995,WHOELSE2,,,"[""yes"", ""no""]",,none
996,WHOELSE3,,,"[""yes"", ""no""]",,none
997,WHOELSE4,,,"[""yes"", ""no""]",,none
998,WHOELSE5,,,"[""yes"", ""no""]",,none
999,WHOELSE6,,,"[""no"", ""yes""]",,none
1000,intid,,,"[""30"", ""12"", ""122"", ""37"", ""38"", ""51"", ""18"", ""68"", ""21"", ""71"", ""47"", ""119"", ""125"", ""35"", ""111"", ""54"", ""67"", ""93"", ""32"", ""129"", ""133"", ""61"", ""70"", ""96"", ""130"", ""17"", ""41"", ""42"", ""131"", ""19"", ""66"", ""65"", ""43"", ""63"", ""101"", ""123"", ""52"", ""9"", ""5"", ""124"", ""57"", ""11"", ""58"", ""77"", ""90"", ""102"", ""14"", ""98"", ""75"", ""132"", ""126"", ""104"", ""114"", ""55"", ""46"", ""56"", ""127"", ""113"", ""121"", ""27"", ""138"", ""50"", ""137"", ""110"", ""84"", ""135"", ""36"", ""2"", ""23"", ""117"", ""16"", ""95"", ""49"", ""76"", ""105"", ""73"", ""34"", ""115"", ""15"", ""6"", ""28"", ""103"", ""100"", ""4"", ""44"", ""109"", ""10"", ""85"", ""72"", ""53"", ""86"", ""1"", ""22"", ""139"", ""74"", ""91"", ""118"", ""79"", ""39"", ""94"", ""20"", ""120"", ""33"", ""3"", ""87"", ""40"", ""112"", ""48"", ""81"", ""108"", ""92"", ""59"", ""24"", ""128"", ""25"", ""88"", ""7"", ""69"", ""64"", ""136"", ""8"", ""97"", ""29"", ""80"", ""60"", ""62"", ""107"", ""26"", ""13"", ""78"", ""89"", ""82"", ""99"", ""106"", ""83""]",,none
1001,feeused,,,"[""no"", ""yes, other (flowers, food, etc.)"", ""yes, money""]",,none
1002,feelevel,,,"[""c"", ""e"", ""b"", ""a"", ""d""]",,none
1003,lngthinv,,,"[""68"", ""131"", ""191"", ""153"", ""106"", ""121"", ""130"", ""187"", ""167"", ""135"", ""110"", ""120"", ""144"", ""100"", ""147"", ""126"", ""168"", ""148"", ""183"", ""85"", ""152"", ""180"", ""97"", ""162"", ""115"", ""64"", ""73"", ""184"", ""67"", ""111"", ""103"", ""150"", ""129"", ""99"", ""86"", ""141"", ""90"", ""76"", ""176"", ""149"", ""145"", ""98"", ""174"", ""89"", ""82"", ""192"", ""133"", ""80"", ""124"", ""138"", ""83"", ""107"", ""158"", ""159"", ""92"", ""102"", ""169"", ""114"", ""186"", ""79"", ""56"", ""101"", ""200"", ""136"", ""132"", ""142"", ""143"", ""181"", ""84"", ""134"", ""113"", ""72"", ""112"", ""116"", ""91"", ""164"", ""122"", ""127"", ""194"", ""70"", ""105"", ""74"", ""146"", ""95"", ""69"", ""119"", ""109"", ""125"", ""128"", ""151"", ""117"", ""45"", ""154"", ""118"", ""123"", ""175"", ""88"", ""137"", ""78"", ""156"", ""108"", ""198"", ""93"", ""139"", ""53"", ""160"", ""96"", ""165"", ""94"", ""140"", ""104"", ""171"", ""161"", ""75"", ""155"", ""87"", ""195"", ""179"", ""163"", ""185"", ""30"", ""182"", ""157"", ""197"", ""177"", ""170"", ""172"", ""43"", ""173"", ""166"", ""77"", ""81"", ""51"", ""48"", ""196"", ""38"", ""199"", ""58"", ""71"", ""190"", ""188"", ""178"", ""193"", ""41"", ""49"", ""57"", ""34"", ""39"", ""46"", ""65""]",,none
1004,intage,,,"[""52"", ""49"", ""57"", ""39"", ""60"", ""51"", ""45"", ""26"", ""37"", ""46"", ""55"", ""75"", ""66"", ""62"", ""38"", ""53"", ""72"", ""68"", ""40"", ""29"", ""63"", ""43"", ""61"", ""48"", ""67"", ""58"", ""27"", ""54"", ""59"", ""56"", ""78"", ""35"", ""47"", ""64"", ""71"", ""85"", ""77"", ""74"", ""42"", ""31"", ""44"", ""69"", ""65"", ""73"", ""81"", ""33"", ""50"", ""20"", ""24"", ""28"", ""36""]",,none
1005,intethn,,,"[""asian"", ""black"", ""hispanic"", ""two or more race"", ""white""]",,none
1006,mode,interview done in-person or over the phone,interview done in-person or over the phone,"[""na"", ""in-person"", ""over the phone""]",2022,dtag:maps/gss/gss_2022_map.csv#YEAR_SPECIFIC
1007,intsex,,,"[""male"", ""female""]",,none
1008,intyrs,,,"[""5"", ""1"", ""4"", ""2"", ""14"", ""10"", ""0"", ""8"", ""21"", ""23"", ""6"", ""25"", ""15"", ""9"", ""20"", ""3"", ""12"", ""13"", ""11"", ""7""]",,none
1009,consent,participation/recording consent,participation/recording consent,"[""r consents to partcipate in the survey but does not want to be recorded"", ""r consents to recording interview""]",2022,dtag:maps/gss/gss_2022_map.csv#YEAR_SPECIFIC
1010,ballot,ballot used for interview,ballot used for interview,"[""ballot c"", ""ballot b"", ""ballot a""]",2022,dtag:maps/gss/gss_2022_map.csv#YEAR_SPECIFIC
1011,version,version of questionnaire,version of questionnaire,"[""2"", ""3"", ""1""]",2022,dtag:maps/gss/gss_2022_map.csv#YEAR_SPECIFIC
1012,issp,filter for issp cases,filter for issp cases,"[""didnt do issp"", ""did issp""]",2024,dtag:maps/gss/gss_2024_map.csv#YEAR_SPECIFIC
1013,sampcode,sampling error code,sampling error code,"[""602"", ""603"", ""601"", ""608"", ""607"", ""605"", ""604"", ""606"", ""612"", ""615"", ""614"", ""611"", ""609"", ""613"", ""616"", ""610"", ""629"", ""617"", ""618"", ""623"", ""619"", ""620"", ""621"", ""625"", ""622"", ""624"", ""628"", ""626"", ""627"", ""641"", ""639"", ""634"", ""630"", ""631"", ""632"", ""637"", ""636"", ""635"", ""633"", ""640"", ""638"", ""652"", ""649"", ""648"", ""646"", ""651"", ""650"", ""645"", ""644"", ""643"", ""642"", ""647"", ""661"", ""662"", ""658"", ""657"", ""656"", ""660"", ""655"", ""654"", ""663"", ""659"", ""653"", ""675"", ""665"", ""676"", ""667"", ""666"", ""670"", ""668"", ""669"", ""671"", ""664"", ""672"", ""673"", ""674""]",2022,dtag:maps/gss/gss_2022_map.csv#YEAR_SPECIFIC
1014,phase,subsampling: two-phase design.,subsampling: two-phase design.,"[""phase one - initial cases"", ""phase two - sub sampled cases""]",2024,dtag:maps/gss/gss_2024_map.csv#YEAR_SPECIFIC
1015,spanself,"if this interview had only been available in english, would you...","if this interview had only been available in english, would you...","[""not have been able to do the interview"", ""have been able to do the interview easily in english"", ""have been able to do the interview with difficulty""]",2022,dtag:maps/gss/gss_2022_map.csv#YEAR_SPECIFIC
1016,spanint,"if no spanish, r could have been interviewed in english","if no spanish, r could have been interviewed in english","[""would have been excluded as language problem"", ""could have been interviewed in english""]",2022,dtag:maps/gss/gss_2022_map.csv#YEAR_SPECIFIC
1017,spaneng,interviews conducted in spanish or english,interviews conducted in spanish or english,"[""spanish"", ""english""]",2022,dtag:maps/gss/gss_2022_map.csv#YEAR_SPECIFIC
1018,hlthstrt,,,"[""poor"", ""fair"", ""excellent"", ""good""]",,none
1019,huadd,,,"[""no"", ""yes""]",,none
1020,dwellpre,,,"[""row house (3 or more units in an attached row)"", ""apartment house (5 or more units, 3 stories or less)"", ""2-family house, 2 units side-by-side"", ""other (specify on next page)"", ""detached 3-4 family house"", ""2-family house, 2 units one above the other"", ""detached single family house"", ""trailer"", ""apartment house (5 or more units, 4 stories or more)"", ""apartment in a partly commercial structure""]",,none
1021,kidsinhh,,,"[""no"", ""yes""]",,none
1022,respond,,,"[""high"", ""low""]",,none
1023,incuspop,,,"[""higher than average"", ""lower than average"", ""average""]",,none
1024,neisafe,,,"[""somewhat unsafe"", ""very unsafe"", ""somewhat safe"", ""very safe""]",,none
1025,rlooks,,,"[""unattractive"", ""very unattractive"", ""about average"", ""very attractive"", ""attractive""]",,none
1026,rgroomed,,,"[""poorly groomed"", ""very well groomed"", ""well groomed"", ""very poorly groomed"", ""about average""]",,none
1027,rweight,,,"[""very overweight"", ""slightly underweight"", ""about the right weight"", ""slightly overweight"", ""very underweight""]",,none
1028,rhlthend,,,"[""good"", ""fair"", ""poor"", ""excellent""]",,none
1029,wtss,,,"[""d"", ""c"", ""e""]",,none
1030,wtssnr,,,"[""d"", ""c"", ""e"", ""b""]",,none
1031,wtssall,,,"[""d"", ""c"", ""e""]",,none
1032,vstrat,variance stratum,variance stratum,"[""3314"", ""3315"", ""3302"", ""3305"", ""3308"", ""3313"", ""3301"", ""3303"", ""3304"", ""3306"", ""3307"", ""3311"", ""3309"", ""3310"", ""3312"", ""3323"", ""3324"", ""3322"", ""3320"", ""3319"", ""3318"", ""3317"", ""3325"", ""3321"", ""3316"", ""3326"", ""3340"", ""3339"", ""3327"", ""3333"", ""3334"", ""3329"", ""3331"", ""3330"", ""3328"", ""3332"", ""3335"", ""3336"", ""3337"", ""3338"", ""3352"", ""3344"", ""3353"", ""3341"", ""3342"", ""3343"", ""3345"", ""3346"", ""3351"", ""3348"", ""3349"", ""3347"", ""3350"", ""3359"", ""3358"", ""3357"", ""3361"", ""3355"", ""3360"", ""3354"", ""3356"", ""3366"", ""3364"", ""3363"", ""3365"", ""3362"", ""3372"", ""3371"", ""3370"", ""3369"", ""3368"", ""3367"", ""3376"", ""3377"", ""3375"", ""3374"", ""3378"", ""3373""]",2022,dtag:maps/gss/gss_2022_map.csv#YEAR_SPECIFIC
1033,vpsu,variance primary sampling unit,variance primary sampling unit,"[""2"", ""1""]",2022,dtag:maps/gss/gss_2022_map.csv#YEAR_SPECIFIC
